{
   "BPMList" : [
      {
         "bpm" : 50.0,
         "startTime" : [ 0, 0, 1 ]
      }
   ],
   "META" : {
      "RPEVersion" : 140,
      "background" : "94108053.jpg",
      "charter" : "路暖",
      "composer" : "橘子海",
      "id" : "94108053",
      "level" : "0",
      "name" : "夏日漱石",
      "offset" : 0,
      "song" : "94108053.mp3"
   },
   "judgeLineGroup" : [ "Default" ],
   "judgeLineList" : [
      {
         "Group" : 0,
         "Name" : "Untitled",
         "Texture" : "line.png",
         "alphaControl" : [
            {
               "alpha" : 1.0,
               "easing" : 1,
               "x" : 0.0
            },
            {
               "alpha" : 1.0,
               "easing" : 1,
               "x" : 9999999.0
            }
         ],
         "bpmfactor" : 1.0,
         "eventLayers" : [
            {
               "alphaEvents" : [
                  {
                     "bezier" : 0,
                     "bezierPoints" : [ 0.0, 0.0, 0.0, 0.0 ],
                     "easingLeft" : 0.0,
                     "easingRight" : 1.0,
                     "easingType" : 1,
                     "end" : 0,
                     "endTime" : [ 1, 0, 1 ],
                     "linkgroup" : 0,
                     "start" : 0,
                     "startTime" : [ 0, 0, 1 ]
                  }
               ],
               "moveXEvents" : [
                  {
                     "bezier" : 0,
                     "bezierPoints" : [ 0.0, 0.0, 0.0, 0.0 ],
                     "easingLeft" : 0.0,
                     "easingRight" : 1.0,
                     "easingType" : 1,
                     "end" : 0.0,
                     "endTime" : [ 1, 0, 1 ],
                     "linkgroup" : 0,
                     "start" : 0.0,
                     "startTime" : [ 0, 0, 1 ]
                  }
               ],
               "moveYEvents" : [
                  {
                     "bezier" : 0,
                     "bezierPoints" : [ 0.0, 0.0, 0.0, 0.0 ],
                     "easingLeft" : 0.0,
                     "easingRight" : 1.0,
                     "easingType" : 1,
                     "end" : 0.0,
                     "endTime" : [ 1, 0, 1 ],
                     "linkgroup" : 0,
                     "start" : 0.0,
                     "startTime" : [ 0, 0, 1 ]
                  }
               ],
               "rotateEvents" : [
                  {
                     "bezier" : 0,
                     "bezierPoints" : [ 0.0, 0.0, 0.0, 0.0 ],
                     "easingLeft" : 0.0,
                     "easingRight" : 1.0,
                     "easingType" : 1,
                     "end" : 0.0,
                     "endTime" : [ 1, 0, 1 ],
                     "linkgroup" : 0,
                     "start" : 0.0,
                     "startTime" : [ 0, 0, 1 ]
                  }
               ],
               "speedEvents" : [
                  {
                     "end" : 10.0,
                     "endTime" : [ 1, 0, 1 ],
                     "linkgroup" : 0,
                     "start" : 10.0,
                     "startTime" : [ 0, 0, 1 ]
                  }
               ]
            }
         ],
         "extended" : {
            "inclineEvents" : [
               {
                  "bezier" : 0,
                  "bezierPoints" : [ 0.0, 0.0, 0.0, 0.0 ],
                  "easingLeft" : 0.0,
                  "easingRight" : 1.0,
                  "easingType" : 0,
                  "end" : 0.0,
                  "endTime" : [ 1, 0, 1 ],
                  "linkgroup" : 0,
                  "start" : 0.0,
                  "startTime" : [ 0, 0, 1 ]
               }
            ]
         },
         "father" : -1,
         "isCover" : 1,
         "numOfNotes" : 0,
         "posControl" : [
            {
               "easing" : 1,
               "pos" : 1.0,
               "x" : 0.0
            },
            {
               "easing" : 1,
               "pos" : 1.0,
               "x" : 9999999.0
            }
         ],
         "sizeControl" : [
            {
               "easing" : 1,
               "size" : 1.0,
               "x" : 0.0
            },
            {
               "easing" : 1,
               "size" : 1.0,
               "x" : 9999999.0
            }
         ],
         "skewControl" : [
            {
               "easing" : 1,
               "skew" : 0.0,
               "x" : 0.0
            },
            {
               "easing" : 1,
               "skew" : 0.0,
               "x" : 9999999.0
            }
         ],
         "yControl" : [
            {
               "easing" : 1,
               "x" : 0.0,
               "y" : 1.0
            },
            {
               "easing" : 1,
               "x" : 9999999.0,
               "y" : 1.0
            }
         ],
         "zOrder" : 0
      },
      {
         "Group" : 0,
         "Name" : "Untitled",
         "Texture" : "line.png",
         "alphaControl" : [
            {
               "alpha" : 1.0,
               "easing" : 1,
               "x" : 0.0
            },
            {
               "alpha" : 1.0,
               "easing" : 1,
               "x" : 9999999.0
            }
         ],
         "bpmfactor" : 1.0,
         "eventLayers" : [
            {
               "alphaEvents" : [
                  {
                     "bezier" : 0,
                     "bezierPoints" : [ 0.0, 0.0, 0.0, 0.0 ],
                     "easingLeft" : 0.0,
                     "easingRight" : 1.0,
                     "easingType" : 1,
                     "end" : 0,
                     "endTime" : [ 1, 0, 1 ],
                     "linkgroup" : 0,
                     "start" : 0,
                     "startTime" : [ 0, 0, 1 ]
                  }
               ],
               "moveXEvents" : [
                  {
                     "bezier" : 0,
                     "bezierPoints" : [ 0.0, 0.0, 0.0, 0.0 ],
                     "easingLeft" : 0.0,
                     "easingRight" : 1.0,
                     "easingType" : 1,
                     "end" : 0.0,
                     "endTime" : [ 1, 0, 1 ],
                     "linkgroup" : 0,
                     "start" : 0.0,
                     "startTime" : [ 0, 0, 1 ]
                  }
               ],
               "moveYEvents" : [
                  {
                     "bezier" : 0,
                     "bezierPoints" : [ 0.0, 0.0, 0.0, 0.0 ],
                     "easingLeft" : 0.0,
                     "easingRight" : 1.0,
                     "easingType" : 1,
                     "end" : 0.0,
                     "endTime" : [ 1, 0, 1 ],
                     "linkgroup" : 0,
                     "start" : 0.0,
                     "startTime" : [ 0, 0, 1 ]
                  }
               ],
               "rotateEvents" : [
                  {
                     "bezier" : 0,
                     "bezierPoints" : [ 0.0, 0.0, 0.0, 0.0 ],
                     "easingLeft" : 0.0,
                     "easingRight" : 1.0,
                     "easingType" : 1,
                     "end" : 0.0,
                     "endTime" : [ 1, 0, 1 ],
                     "linkgroup" : 0,
                     "start" : 0.0,
                     "startTime" : [ 0, 0, 1 ]
                  }
               ],
               "speedEvents" : [
                  {
                     "end" : 10.0,
                     "endTime" : [ 1, 0, 1 ],
                     "linkgroup" : 0,
                     "start" : 10.0,
                     "startTime" : [ 0, 0, 1 ]
                  }
               ]
            }
         ],
         "extended" : {
            "inclineEvents" : [
               {
                  "bezier" : 0,
                  "bezierPoints" : [ 0.0, 0.0, 0.0, 0.0 ],
                  "easingLeft" : 0.0,
                  "easingRight" : 1.0,
                  "easingType" : 1,
                  "end" : 0.0,
                  "endTime" : [ 1, 0, 1 ],
                  "linkgroup" : 0,
                  "start" : 0.0,
                  "startTime" : [ 0, 0, 1 ]
               }
            ]
         },
         "father" : -1,
         "isCover" : 1,
         "numOfNotes" : 0,
         "posControl" : [
            {
               "easing" : 1,
               "pos" : 1.0,
               "x" : 0.0
            },
            {
               "easing" : 1,
               "pos" : 1.0,
               "x" : 9999999.0
            }
         ],
         "sizeControl" : [
            {
               "easing" : 1,
               "size" : 1.0,
               "x" : 0.0
            },
            {
               "easing" : 1,
               "size" : 1.0,
               "x" : 9999999.0
            }
         ],
         "skewControl" : [
            {
               "easing" : 1,
               "skew" : 0.0,
               "x" : 0.0
            },
            {
               "easing" : 1,
               "skew" : 0.0,
               "x" : 9999999.0
            }
         ],
         "yControl" : [
            {
               "easing" : 1,
               "x" : 0.0,
               "y" : 1.0
            },
            {
               "easing" : 1,
               "x" : 9999999.0,
               "y" : 1.0
            }
         ],
         "zOrder" : 0
      }
   ],
   "multiLineString" : "",
   "multiScale" : 1.0
}
