{
   "BPMList" : [
      {
         "bpm" : 50.0,
         "startTime" : [ 0, 0, 1 ]
      }
   ],
   "META" : {
      "RPEVersion" : 140,
      "background" : "94108053.jpg",
      "charter" : "路暖",
      "composer" : "橘子海",
      "id" : "94108053",
      "level" : "0",
      "name" : "夏日漱石",
      "offset" : 0,
      "song" : "94108053.mp3"
   },
   "judgeLineGroup" : [ "Default" ],
   "judgeLineList" : [
      {
         "Group" : 0,
         "Name" : "Untitled",
         "Texture" : "line.png",
         "alphaControl" : [
            {
               "alpha" : 1.0,
               "easing" : 1,
               "x" : 0.0
            },
            {
               "alpha" : 1.0,
               "easing" : 1,
               "x" : 9999999.0
            }
         ],
         "bpmfactor" : 1.0,
         "eventLayers" : [
            {
               "alphaEvents" : [
                  {
                     "bezier" : 0,
                     "bezierPoints" : [ 0.0, 0.0, 0.0, 0.0 ],
                     "easingLeft" : 0.0,
                     "easingRight" : 1.0,
                     "easingType" : 1,
                     "end" : 200,
                     "endTime" : [ 1, 0, 1 ],
                     "linkgroup" : 0,
                     "start" : 200,
                     "startTime" : [ 0, 0, 1 ]
                  }
               ],
               "moveXEvents" : [
                  {
                     "bezier" : 0,
                     "bezierPoints" : [ 0.0, 0.0, 0.0, 0.0 ],
                     "easingLeft" : 0.0,
                     "easingRight" : 1.0,
                     "easingType" : 1,
                     "end" : 0.0,
                     "endTime" : [ 1, 0, 1 ],
                     "linkgroup" : 0,
                     "start" : 0.0,
                     "startTime" : [ 0, 0, 1 ]
                  }
               ],
               "moveYEvents" : [
                  {
                     "bezier" : 0,
                     "bezierPoints" : [ 0.0, 0.0, 0.0, 0.0 ],
                     "easingLeft" : 0.0,
                     "easingRight" : 1.0,
                     "easingType" : 1,
                     "end" : -300.0,
                     "endTime" : [ 1, 0, 1 ],
                     "linkgroup" : 0,
                     "start" : -500.0,
                     "startTime" : [ 0, 0, 1 ]
                  }
               ],
               "rotateEvents" : [
                  {
                     "bezier" : 0,
                     "bezierPoints" : [ 0.0, 0.0, 0.0, 0.0 ],
                     "easingLeft" : 0.0,
                     "easingRight" : 1.0,
                     "easingType" : 1,
                     "end" : 0.0,
                     "endTime" : [ 1, 0, 1 ],
                     "linkgroup" : 0,
                     "start" : 0.0,
                     "startTime" : [ 0, 0, 1 ]
                  },
                  {
                     "bezier" : 0,
                     "bezierPoints" : [ 0.0, 0.0, 0.0, 0.0 ],
                     "easingLeft" : 0.0,
                     "easingRight" : 1.0,
                     "easingType" : 3,
                     "end" : 30.0,
                     "endTime" : [ 15, 0, 1 ],
                     "linkgroup" : 0,
                     "start" : 0.0,
                     "startTime" : [ 14, 0, 1 ]
                  },
                  {
                     "bezier" : 0,
                     "bezierPoints" : [ 0.0, 0.0, 0.0, 0.0 ],
                     "easingLeft" : 0.0,
                     "easingRight" : 1.0,
                     "easingType" : 3,
                     "end" : -30.0,
                     "endTime" : [ 19, 0, 1 ],
                     "linkgroup" : 0,
                     "start" : 30.0,
                     "startTime" : [ 17, 0, 1 ]
                  }
               ],
               "speedEvents" : [
                  {
                     "end" : 10.0,
                     "endTime" : [ 1, 0, 1 ],
                     "linkgroup" : 0,
                     "start" : 10.0,
                     "startTime" : [ 0, 0, 1 ]
                  }
               ]
            }
         ],
         "extended" : {
            "inclineEvents" : [
               {
                  "bezier" : 0,
                  "bezierPoints" : [ 0.0, 0.0, 0.0, 0.0 ],
                  "easingLeft" : 0.0,
                  "easingRight" : 1.0,
                  "easingType" : 0,
                  "end" : 0.0,
                  "endTime" : [ 1, 0, 1 ],
                  "linkgroup" : 0,
                  "start" : 0.0,
                  "startTime" : [ 0, 0, 1 ]
               }
            ]
         },
         "father" : -1,
         "isCover" : 1,
         "notes" : [
            {
               "above" : 1,
               "alpha" : 255,
               "endTime" : [ 3, 0, 1 ],
               "isFake" : 0,
               "positionX" : -375.0,
               "size" : 1.0,
               "speed" : 1.0,
               "startTime" : [ 3, 0, 1 ],
               "type" : 1,
               "visibleTime" : 999999.0,
               "yOffset" : 0.0
            },
            {
               "above" : 1,
               "alpha" : 255,
               "endTime" : [ 3, 0, 1 ],
               "isFake" : 0,
               "positionX" : -75.0,
               "size" : 1.0,
               "speed" : 1.0,
               "startTime" : [ 3, 0, 1 ],
               "type" : 1,
               "visibleTime" : 999999.0,
               "yOffset" : 0.0
            },
            {
               "above" : 1,
               "alpha" : 255,
               "endTime" : [ 3, 1, 4 ],
               "isFake" : 0,
               "positionX" : -75.0,
               "size" : 1.0,
               "speed" : 1.0,
               "startTime" : [ 3, 1, 4 ],
               "type" : 1,
               "visibleTime" : 999999.0,
               "yOffset" : 0.0
            },
            {
               "above" : 1,
               "alpha" : 255,
               "endTime" : [ 3, 1, 4 ],
               "isFake" : 0,
               "positionX" : 225.0,
               "size" : 1.0,
               "speed" : 1.0,
               "startTime" : [ 3, 1, 4 ],
               "type" : 1,
               "visibleTime" : 999999.0,
               "yOffset" : 0.0
            },
            {
               "above" : 1,
               "alpha" : 255,
               "endTime" : [ 3, 1, 2 ],
               "isFake" : 0,
               "positionX" : 225.0,
               "size" : 1.0,
               "speed" : 1.0,
               "startTime" : [ 3, 1, 2 ],
               "type" : 1,
               "visibleTime" : 999999.0,
               "yOffset" : 0.0
            },
            {
               "above" : 1,
               "alpha" : 255,
               "endTime" : [ 3, 1, 2 ],
               "isFake" : 0,
               "positionX" : 525.0,
               "size" : 1.0,
               "speed" : 1.0,
               "startTime" : [ 3, 1, 2 ],
               "type" : 1,
               "visibleTime" : 999999.0,
               "yOffset" : 0.0
            },
            {
               "above" : 1,
               "alpha" : 255,
               "endTime" : [ 3, 3, 4 ],
               "isFake" : 0,
               "positionX" : 225.0,
               "size" : 1.0,
               "speed" : 1.0,
               "startTime" : [ 3, 3, 4 ],
               "type" : 3,
               "visibleTime" : 999999.0,
               "yOffset" : 0.0
            },
            {
               "above" : 1,
               "alpha" : 255,
               "endTime" : [ 3, 3, 4 ],
               "isFake" : 0,
               "positionX" : 525.0,
               "size" : 1.0,
               "speed" : 1.0,
               "startTime" : [ 3, 3, 4 ],
               "type" : 3,
               "visibleTime" : 999999.0,
               "yOffset" : 0.0
            },
            {
               "above" : 1,
               "alpha" : 255,
               "endTime" : [ 4, 0, 1 ],
               "isFake" : 0,
               "positionX" : -225.0,
               "size" : 1.0,
               "speed" : 1.0,
               "startTime" : [ 4, 0, 1 ],
               "type" : 1,
               "visibleTime" : 999999.0,
               "yOffset" : 0.0
            },
            {
               "above" : 1,
               "alpha" : 255,
               "endTime" : [ 4, 0, 1 ],
               "isFake" : 0,
               "positionX" : 225.0,
               "size" : 1.0,
               "speed" : 1.0,
               "startTime" : [ 4, 0, 1 ],
               "type" : 1,
               "visibleTime" : 999999.0,
               "yOffset" : 0.0
            },
            {
               "above" : 1,
               "alpha" : 255,
               "endTime" : [ 5, 0, 1 ],
               "isFake" : 0,
               "positionX" : -225.0,
               "size" : 1.0,
               "speed" : 1.0,
               "startTime" : [ 5, 0, 1 ],
               "type" : 1,
               "visibleTime" : 999999.0,
               "yOffset" : 0.0
            },
            {
               "above" : 1,
               "alpha" : 255,
               "endTime" : [ 5, 0, 1 ],
               "isFake" : 0,
               "positionX" : 225.0,
               "size" : 1.0,
               "speed" : 1.0,
               "startTime" : [ 5, 0, 1 ],
               "type" : 1,
               "visibleTime" : 999999.0,
               "yOffset" : 0.0
            },
            {
               "above" : 1,
               "alpha" : 255,
               "endTime" : [ 6, 0, 1 ],
               "isFake" : 0,
               "positionX" : -225.0,
               "size" : 1.0,
               "speed" : 1.0,
               "startTime" : [ 6, 0, 1 ],
               "type" : 1,
               "visibleTime" : 999999.0,
               "yOffset" : 0.0
            },
            {
               "above" : 1,
               "alpha" : 255,
               "endTime" : [ 6, 0, 1 ],
               "isFake" : 0,
               "positionX" : 225.0,
               "size" : 1.0,
               "speed" : 1.0,
               "startTime" : [ 6, 0, 1 ],
               "type" : 1,
               "visibleTime" : 999999.0,
               "yOffset" : 0.0
            },
            {
               "above" : 1,
               "alpha" : 255,
               "endTime" : [ 7, 0, 1 ],
               "isFake" : 0,
               "positionX" : 75.0,
               "size" : 1.0,
               "speed" : 1.0,
               "startTime" : [ 7, 0, 1 ],
               "type" : 1,
               "visibleTime" : 999999.0,
               "yOffset" : 0.0
            },
            {
               "above" : 1,
               "alpha" : 255,
               "endTime" : [ 7, 0, 1 ],
               "isFake" : 0,
               "positionX" : 375.0,
               "size" : 1.0,
               "speed" : 1.0,
               "startTime" : [ 7, 0, 1 ],
               "type" : 1,
               "visibleTime" : 999999.0,
               "yOffset" : 0.0
            },
            {
               "above" : 1,
               "alpha" : 255,
               "endTime" : [ 7, 1, 4 ],
               "isFake" : 0,
               "positionX" : 75.0,
               "size" : 1.0,
               "speed" : 1.0,
               "startTime" : [ 7, 1, 4 ],
               "type" : 1,
               "visibleTime" : 999999.0,
               "yOffset" : 0.0
            },
            {
               "above" : 1,
               "alpha" : 255,
               "endTime" : [ 7, 1, 4 ],
               "isFake" : 0,
               "positionX" : -225.0,
               "size" : 1.0,
               "speed" : 1.0,
               "startTime" : [ 7, 1, 4 ],
               "type" : 1,
               "visibleTime" : 999999.0,
               "yOffset" : 0.0
            },
            {
               "above" : 1,
               "alpha" : 255,
               "endTime" : [ 7, 1, 2 ],
               "isFake" : 0,
               "positionX" : -225.0,
               "size" : 1.0,
               "speed" : 1.0,
               "startTime" : [ 7, 1, 2 ],
               "type" : 1,
               "visibleTime" : 999999.0,
               "yOffset" : 0.0
            },
            {
               "above" : 1,
               "alpha" : 255,
               "endTime" : [ 7, 1, 2 ],
               "isFake" : 0,
               "positionX" : -525.0,
               "size" : 1.0,
               "speed" : 1.0,
               "startTime" : [ 7, 1, 2 ],
               "type" : 1,
               "visibleTime" : 999999.0,
               "yOffset" : 0.0
            },
            {
               "above" : 1,
               "alpha" : 255,
               "endTime" : [ 7, 3, 4 ],
               "isFake" : 0,
               "positionX" : -525.0,
               "size" : 1.0,
               "speed" : 1.0,
               "startTime" : [ 7, 3, 4 ],
               "type" : 3,
               "visibleTime" : 999999.0,
               "yOffset" : 0.0
            },
            {
               "above" : 1,
               "alpha" : 255,
               "endTime" : [ 7, 3, 4 ],
               "isFake" : 0,
               "positionX" : -225.0,
               "size" : 1.0,
               "speed" : 1.0,
               "startTime" : [ 7, 3, 4 ],
               "type" : 3,
               "visibleTime" : 999999.0,
               "yOffset" : 0.0
            },
            {
               "above" : 1,
               "alpha" : 255,
               "endTime" : [ 8, 0, 1 ],
               "isFake" : 0,
               "positionX" : -525.0,
               "size" : 1.0,
               "speed" : 1.0,
               "startTime" : [ 8, 0, 1 ],
               "type" : 1,
               "visibleTime" : 999999.0,
               "yOffset" : 0.0
            },
            {
               "above" : 1,
               "alpha" : 255,
               "endTime" : [ 9, 0, 1 ],
               "isFake" : 0,
               "positionX" : -225.0,
               "size" : 1.0,
               "speed" : 1.0,
               "startTime" : [ 9, 0, 1 ],
               "type" : 1,
               "visibleTime" : 999999.0,
               "yOffset" : 0.0
            },
            {
               "above" : 1,
               "alpha" : 255,
               "endTime" : [ 10, 0, 1 ],
               "isFake" : 0,
               "positionX" : 75.0,
               "size" : 1.0,
               "speed" : 1.0,
               "startTime" : [ 10, 0, 1 ],
               "type" : 1,
               "visibleTime" : 999999.0,
               "yOffset" : 0.0
            },
            {
               "above" : 1,
               "alpha" : 255,
               "endTime" : [ 11, 0, 1 ],
               "isFake" : 0,
               "positionX" : 375.0,
               "size" : 1.0,
               "speed" : 1.0,
               "startTime" : [ 11, 0, 1 ],
               "type" : 1,
               "visibleTime" : 999999.0,
               "yOffset" : 0.0
            },
            {
               "above" : 1,
               "alpha" : 255,
               "endTime" : [ 11, 3, 4 ],
               "isFake" : 0,
               "positionX" : 525.0,
               "size" : 1.0,
               "speed" : 1.0,
               "startTime" : [ 11, 3, 4 ],
               "type" : 1,
               "visibleTime" : 999999.0,
               "yOffset" : 0.0
            },
            {
               "above" : 1,
               "alpha" : 255,
               "endTime" : [ 11, 3, 4 ],
               "isFake" : 0,
               "positionX" : 225.0,
               "size" : 1.0,
               "speed" : 1.0,
               "startTime" : [ 11, 3, 4 ],
               "type" : 1,
               "visibleTime" : 999999.0,
               "yOffset" : 0.0
            },
            {
               "above" : 1,
               "alpha" : 255,
               "endTime" : [ 12, 3, 4 ],
               "isFake" : 0,
               "positionX" : -225.0,
               "size" : 1.0,
               "speed" : 1.0,
               "startTime" : [ 12, 3, 4 ],
               "type" : 1,
               "visibleTime" : 999999.0,
               "yOffset" : 0.0
            },
            {
               "above" : 1,
               "alpha" : 255,
               "endTime" : [ 12, 3, 4 ],
               "isFake" : 0,
               "positionX" : -525.0,
               "size" : 1.0,
               "speed" : 1.0,
               "startTime" : [ 12, 3, 4 ],
               "type" : 1,
               "visibleTime" : 999999.0,
               "yOffset" : 0.0
            },
            {
               "above" : 1,
               "alpha" : 255,
               "endTime" : [ 13, 3, 4 ],
               "isFake" : 0,
               "positionX" : 225.0,
               "size" : 1.0,
               "speed" : 1.0,
               "startTime" : [ 13, 3, 4 ],
               "type" : 1,
               "visibleTime" : 999999.0,
               "yOffset" : 0.0
            },
            {
               "above" : 1,
               "alpha" : 255,
               "endTime" : [ 13, 3, 4 ],
               "isFake" : 0,
               "positionX" : -225.0,
               "size" : 1.0,
               "speed" : 1.0,
               "startTime" : [ 13, 3, 4 ],
               "type" : 1,
               "visibleTime" : 999999.0,
               "yOffset" : 0.0
            },
            {
               "above" : 1,
               "alpha" : 255,
               "endTime" : [ 15, 3, 4 ],
               "isFake" : 0,
               "positionX" : -375.0,
               "size" : 1.0,
               "speed" : 1.0,
               "startTime" : [ 15, 3, 4 ],
               "type" : 1,
               "visibleTime" : 999999.0,
               "yOffset" : 0.0
            },
            {
               "above" : 1,
               "alpha" : 255,
               "endTime" : [ 15, 7, 8 ],
               "isFake" : 0,
               "positionX" : -225.0,
               "size" : 1.0,
               "speed" : 1.0,
               "startTime" : [ 15, 7, 8 ],
               "type" : 1,
               "visibleTime" : 999999.0,
               "yOffset" : 0.0
            },
            {
               "above" : 1,
               "alpha" : 255,
               "endTime" : [ 16, 0, 1 ],
               "isFake" : 0,
               "positionX" : -375.0,
               "size" : 1.0,
               "speed" : 1.0,
               "startTime" : [ 16, 0, 1 ],
               "type" : 1,
               "visibleTime" : 999999.0,
               "yOffset" : 0.0
            },
            {
               "above" : 1,
               "alpha" : 255,
               "endTime" : [ 16, 1, 8 ],
               "isFake" : 0,
               "positionX" : -225.0,
               "size" : 1.0,
               "speed" : 1.0,
               "startTime" : [ 16, 1, 8 ],
               "type" : 1,
               "visibleTime" : 999999.0,
               "yOffset" : 0.0
            },
            {
               "above" : 1,
               "alpha" : 255,
               "endTime" : [ 16, 1, 4 ],
               "isFake" : 0,
               "positionX" : -375.0,
               "size" : 1.0,
               "speed" : 1.0,
               "startTime" : [ 16, 1, 4 ],
               "type" : 1,
               "visibleTime" : 999999.0,
               "yOffset" : 0.0
            },
            {
               "above" : 1,
               "alpha" : 255,
               "endTime" : [ 17, 3, 4 ],
               "isFake" : 0,
               "positionX" : -225.0,
               "size" : 1.0,
               "speed" : 1.0,
               "startTime" : [ 17, 3, 4 ],
               "type" : 1,
               "visibleTime" : 999999.0,
               "yOffset" : 0.0
            },
            {
               "above" : 1,
               "alpha" : 255,
               "endTime" : [ 18, 1, 8 ],
               "isFake" : 0,
               "positionX" : -69.333328247070313,
               "size" : 1.0,
               "speed" : 1.0,
               "startTime" : [ 18, 1, 8 ],
               "type" : 1,
               "visibleTime" : 999999.0,
               "yOffset" : 0.0
            },
            {
               "above" : 1,
               "alpha" : 255,
               "endTime" : [ 18, 3, 4 ],
               "isFake" : 0,
               "positionX" : -75.0,
               "size" : 1.0,
               "speed" : 1.0,
               "startTime" : [ 18, 3, 4 ],
               "type" : 1,
               "visibleTime" : 999999.0,
               "yOffset" : 0.0
            },
            {
               "above" : 1,
               "alpha" : 255,
               "endTime" : [ 19, 0, 1 ],
               "isFake" : 0,
               "positionX" : -230.66667175292969,
               "size" : 1.0,
               "speed" : 1.0,
               "startTime" : [ 19, 0, 1 ],
               "type" : 1,
               "visibleTime" : 999999.0,
               "yOffset" : 0.0
            },
            {
               "above" : 1,
               "alpha" : 255,
               "endTime" : [ 19, 1, 4 ],
               "isFake" : 0,
               "positionX" : -225.0,
               "size" : 1.0,
               "speed" : 1.0,
               "startTime" : [ 19, 1, 4 ],
               "type" : 1,
               "visibleTime" : 999999.0,
               "yOffset" : 0.0
            },
            {
               "above" : 1,
               "alpha" : 255,
               "endTime" : [ 19, 3, 4 ],
               "isFake" : 0,
               "positionX" : 375.0,
               "size" : 1.0,
               "speed" : 1.0,
               "startTime" : [ 19, 3, 4 ],
               "type" : 1,
               "visibleTime" : 999999.0,
               "yOffset" : 0.0
            },
            {
               "above" : 1,
               "alpha" : 255,
               "endTime" : [ 19, 7, 8 ],
               "isFake" : 0,
               "positionX" : 225.0,
               "size" : 1.0,
               "speed" : 1.0,
               "startTime" : [ 19, 7, 8 ],
               "type" : 1,
               "visibleTime" : 999999.0,
               "yOffset" : 0.0
            },
            {
               "above" : 1,
               "alpha" : 255,
               "endTime" : [ 20, 0, 1 ],
               "isFake" : 0,
               "positionX" : 375.0,
               "size" : 1.0,
               "speed" : 1.0,
               "startTime" : [ 20, 0, 1 ],
               "type" : 1,
               "visibleTime" : 999999.0,
               "yOffset" : 0.0
            },
            {
               "above" : 1,
               "alpha" : 255,
               "endTime" : [ 20, 1, 8 ],
               "isFake" : 0,
               "positionX" : 225.0,
               "size" : 1.0,
               "speed" : 1.0,
               "startTime" : [ 20, 1, 8 ],
               "type" : 1,
               "visibleTime" : 999999.0,
               "yOffset" : 0.0
            },
            {
               "above" : 1,
               "alpha" : 255,
               "endTime" : [ 20, 1, 4 ],
               "isFake" : 0,
               "positionX" : 375.0,
               "size" : 1.0,
               "speed" : 1.0,
               "startTime" : [ 20, 1, 4 ],
               "type" : 1,
               "visibleTime" : 999999.0,
               "yOffset" : 0.0
            }
         ],
         "numOfNotes" : 47,
         "posControl" : [
            {
               "easing" : 1,
               "pos" : 1.0,
               "x" : 0.0
            },
            {
               "easing" : 1,
               "pos" : 1.0,
               "x" : 9999999.0
            }
         ],
         "sizeControl" : [
            {
               "easing" : 1,
               "size" : 1.0,
               "x" : 0.0
            },
            {
               "easing" : 1,
               "size" : 1.0,
               "x" : 9999999.0
            }
         ],
         "skewControl" : [
            {
               "easing" : 1,
               "skew" : 0.0,
               "x" : 0.0
            },
            {
               "easing" : 1,
               "skew" : 0.0,
               "x" : 9999999.0
            }
         ],
         "yControl" : [
            {
               "easing" : 1,
               "x" : 0.0,
               "y" : 1.0
            },
            {
               "easing" : 1,
               "x" : 9999999.0,
               "y" : 1.0
            }
         ],
         "zOrder" : 0
      },
      {
         "Group" : 0,
         "Name" : "Untitled",
         "Texture" : "line.png",
         "alphaControl" : [
            {
               "alpha" : 1.0,
               "easing" : 1,
               "x" : 0.0
            },
            {
               "alpha" : 1.0,
               "easing" : 1,
               "x" : 9999999.0
            }
         ],
         "bpmfactor" : 1.0,
         "eventLayers" : [
            {
               "alphaEvents" : [
                  {
                     "bezier" : 0,
                     "bezierPoints" : [ 0.0, 0.0, 0.0, 0.0 ],
                     "easingLeft" : 0.0,
                     "easingRight" : 1.0,
                     "easingType" : 1,
                     "end" : 0,
                     "endTime" : [ 1, 0, 1 ],
                     "linkgroup" : 0,
                     "start" : 0,
                     "startTime" : [ 0, 0, 1 ]
                  }
               ],
               "moveXEvents" : [
                  {
                     "bezier" : 0,
                     "bezierPoints" : [ 0.0, 0.0, 0.0, 0.0 ],
                     "easingLeft" : 0.0,
                     "easingRight" : 1.0,
                     "easingType" : 1,
                     "end" : 0.0,
                     "endTime" : [ 1, 0, 1 ],
                     "linkgroup" : 0,
                     "start" : 0.0,
                     "startTime" : [ 0, 0, 1 ]
                  }
               ],
               "moveYEvents" : [
                  {
                     "bezier" : 0,
                     "bezierPoints" : [ 0.0, 0.0, 0.0, 0.0 ],
                     "easingLeft" : 0.0,
                     "easingRight" : 1.0,
                     "easingType" : 1,
                     "end" : 0.0,
                     "endTime" : [ 1, 0, 1 ],
                     "linkgroup" : 0,
                     "start" : 0.0,
                     "startTime" : [ 0, 0, 1 ]
                  }
               ],
               "rotateEvents" : [
                  {
                     "bezier" : 0,
                     "bezierPoints" : [ 0.0, 0.0, 0.0, 0.0 ],
                     "easingLeft" : 0.0,
                     "easingRight" : 1.0,
                     "easingType" : 1,
                     "end" : 0.0,
                     "endTime" : [ 1, 0, 1 ],
                     "linkgroup" : 0,
                     "start" : 0.0,
                     "startTime" : [ 0, 0, 1 ]
                  }
               ],
               "speedEvents" : [
                  {
                     "end" : 10.0,
                     "endTime" : [ 1, 0, 1 ],
                     "linkgroup" : 0,
                     "start" : 10.0,
                     "startTime" : [ 0, 0, 1 ]
                  }
               ]
            }
         ],
         "extended" : {
            "inclineEvents" : [
               {
                  "bezier" : 0,
                  "bezierPoints" : [ 0.0, 0.0, 0.0, 0.0 ],
                  "easingLeft" : 0.0,
                  "easingRight" : 1.0,
                  "easingType" : 1,
                  "end" : 0.0,
                  "endTime" : [ 1, 0, 1 ],
                  "linkgroup" : 0,
                  "start" : 0.0,
                  "startTime" : [ 0, 0, 1 ]
               }
            ]
         },
         "father" : -1,
         "isCover" : 1,
         "numOfNotes" : 0,
         "posControl" : [
            {
               "easing" : 1,
               "pos" : 1.0,
               "x" : 0.0
            },
            {
               "easing" : 1,
               "pos" : 1.0,
               "x" : 9999999.0
            }
         ],
         "sizeControl" : [
            {
               "easing" : 1,
               "size" : 1.0,
               "x" : 0.0
            },
            {
               "easing" : 1,
               "size" : 1.0,
               "x" : 9999999.0
            }
         ],
         "skewControl" : [
            {
               "easing" : 1,
               "skew" : 0.0,
               "x" : 0.0
            },
            {
               "easing" : 1,
               "skew" : 0.0,
               "x" : 9999999.0
            }
         ],
         "yControl" : [
            {
               "easing" : 1,
               "x" : 0.0,
               "y" : 1.0
            },
            {
               "easing" : 1,
               "x" : 9999999.0,
               "y" : 1.0
            }
         ],
         "zOrder" : 0
      },
      {
         "Group" : 0,
         "Name" : "Untitled",
         "Texture" : "line.png",
         "alphaControl" : [
            {
               "alpha" : 1.0,
               "easing" : 1,
               "x" : 0.0
            },
            {
               "alpha" : 1.0,
               "easing" : 1,
               "x" : 9999999.0
            }
         ],
         "bpmfactor" : 1.0,
         "eventLayers" : [
            {
               "alphaEvents" : [
                  {
                     "bezier" : 0,
                     "bezierPoints" : [ 0.0, 0.0, 0.0, 0.0 ],
                     "easingLeft" : 0.0,
                     "easingRight" : 1.0,
                     "easingType" : 1,
                     "end" : 0,
                     "endTime" : [ 1, 0, 1 ],
                     "linkgroup" : 0,
                     "start" : 0,
                     "startTime" : [ 0, 0, 1 ]
                  }
               ],
               "moveXEvents" : [
                  {
                     "bezier" : 0,
                     "bezierPoints" : [ 0.0, 0.0, 0.0, 0.0 ],
                     "easingLeft" : 0.0,
                     "easingRight" : 1.0,
                     "easingType" : 1,
                     "end" : 0.0,
                     "endTime" : [ 1, 0, 1 ],
                     "linkgroup" : 0,
                     "start" : 0.0,
                     "startTime" : [ 0, 0, 1 ]
                  }
               ],
               "moveYEvents" : [
                  {
                     "bezier" : 0,
                     "bezierPoints" : [ 0.0, 0.0, 0.0, 0.0 ],
                     "easingLeft" : 0.0,
                     "easingRight" : 1.0,
                     "easingType" : 1,
                     "end" : 0.0,
                     "endTime" : [ 1, 0, 1 ],
                     "linkgroup" : 0,
                     "start" : 0.0,
                     "startTime" : [ 0, 0, 1 ]
                  }
               ],
               "rotateEvents" : [
                  {
                     "bezier" : 0,
                     "bezierPoints" : [ 0.0, 0.0, 0.0, 0.0 ],
                     "easingLeft" : 0.0,
                     "easingRight" : 1.0,
                     "easingType" : 1,
                     "end" : 0.0,
                     "endTime" : [ 1, 0, 1 ],
                     "linkgroup" : 0,
                     "start" : 0.0,
                     "startTime" : [ 0, 0, 1 ]
                  }
               ],
               "speedEvents" : [
                  {
                     "end" : 10.0,
                     "endTime" : [ 1, 0, 1 ],
                     "linkgroup" : 0,
                     "start" : 10.0,
                     "startTime" : [ 0, 0, 1 ]
                  }
               ]
            }
         ],
         "extended" : {
            "inclineEvents" : [
               {
                  "bezier" : 0,
                  "bezierPoints" : [ 0.0, 0.0, 0.0, 0.0 ],
                  "easingLeft" : 0.0,
                  "easingRight" : 1.0,
                  "easingType" : 2,
                  "end" : 0.0,
                  "endTime" : [ 1, 0, 1 ],
                  "linkgroup" : 0,
                  "start" : 0.0,
                  "startTime" : [ 0, 0, 1 ]
               }
            ]
         },
         "father" : -1,
         "isCover" : 1,
         "numOfNotes" : 0,
         "posControl" : [
            {
               "easing" : 1,
               "pos" : 1.0,
               "x" : 0.0
            },
            {
               "easing" : 1,
               "pos" : 1.0,
               "x" : 9999999.0
            }
         ],
         "sizeControl" : [
            {
               "easing" : 1,
               "size" : 1.0,
               "x" : 0.0
            },
            {
               "easing" : 1,
               "size" : 1.0,
               "x" : 9999999.0
            }
         ],
         "skewControl" : [
            {
               "easing" : 1,
               "skew" : 0.0,
               "x" : 0.0
            },
            {
               "easing" : 1,
               "skew" : 0.0,
               "x" : 9999999.0
            }
         ],
         "yControl" : [
            {
               "easing" : 1,
               "x" : 0.0,
               "y" : 1.0
            },
            {
               "easing" : 1,
               "x" : 9999999.0,
               "y" : 1.0
            }
         ],
         "zOrder" : 0
      },
      {
         "Group" : 0,
         "Name" : "Untitled",
         "Texture" : "line.png",
         "alphaControl" : [
            {
               "alpha" : 1.0,
               "easing" : 1,
               "x" : 0.0
            },
            {
               "alpha" : 1.0,
               "easing" : 1,
               "x" : 9999999.0
            }
         ],
         "bpmfactor" : 1.0,
         "eventLayers" : [
            {
               "alphaEvents" : [
                  {
                     "bezier" : 0,
                     "bezierPoints" : [ 0.0, 0.0, 0.0, 0.0 ],
                     "easingLeft" : 0.0,
                     "easingRight" : 1.0,
                     "easingType" : 1,
                     "end" : 0,
                     "endTime" : [ 1, 0, 1 ],
                     "linkgroup" : 0,
                     "start" : 0,
                     "startTime" : [ 0, 0, 1 ]
                  }
               ],
               "moveXEvents" : [
                  {
                     "bezier" : 0,
                     "bezierPoints" : [ 0.0, 0.0, 0.0, 0.0 ],
                     "easingLeft" : 0.0,
                     "easingRight" : 1.0,
                     "easingType" : 1,
                     "end" : 0.0,
                     "endTime" : [ 1, 0, 1 ],
                     "linkgroup" : 0,
                     "start" : 0.0,
                     "startTime" : [ 0, 0, 1 ]
                  }
               ],
               "moveYEvents" : [
                  {
                     "bezier" : 0,
                     "bezierPoints" : [ 0.0, 0.0, 0.0, 0.0 ],
                     "easingLeft" : 0.0,
                     "easingRight" : 1.0,
                     "easingType" : 1,
                     "end" : 0.0,
                     "endTime" : [ 1, 0, 1 ],
                     "linkgroup" : 0,
                     "start" : 0.0,
                     "startTime" : [ 0, 0, 1 ]
                  }
               ],
               "rotateEvents" : [
                  {
                     "bezier" : 0,
                     "bezierPoints" : [ 0.0, 0.0, 0.0, 0.0 ],
                     "easingLeft" : 0.0,
                     "easingRight" : 1.0,
                     "easingType" : 1,
                     "end" : 0.0,
                     "endTime" : [ 1, 0, 1 ],
                     "linkgroup" : 0,
                     "start" : 0.0,
                     "startTime" : [ 0, 0, 1 ]
                  }
               ],
               "speedEvents" : [
                  {
                     "end" : 10.0,
                     "endTime" : [ 1, 0, 1 ],
                     "linkgroup" : 0,
                     "start" : 10.0,
                     "startTime" : [ 0, 0, 1 ]
                  }
               ]
            }
         ],
         "extended" : {
            "inclineEvents" : [
               {
                  "bezier" : 0,
                  "bezierPoints" : [ 0.0, 0.0, 0.0, 0.0 ],
                  "easingLeft" : 0.0,
                  "easingRight" : 1.0,
                  "easingType" : 3,
                  "end" : 0.0,
                  "endTime" : [ 1, 0, 1 ],
                  "linkgroup" : 0,
                  "start" : 0.0,
                  "startTime" : [ 0, 0, 1 ]
               }
            ]
         },
         "father" : -1,
         "isCover" : 1,
         "numOfNotes" : 0,
         "posControl" : [
            {
               "easing" : 1,
               "pos" : 1.0,
               "x" : 0.0
            },
            {
               "easing" : 1,
               "pos" : 1.0,
               "x" : 9999999.0
            }
         ],
         "sizeControl" : [
            {
               "easing" : 1,
               "size" : 1.0,
               "x" : 0.0
            },
            {
               "easing" : 1,
               "size" : 1.0,
               "x" : 9999999.0
            }
         ],
         "skewControl" : [
            {
               "easing" : 1,
               "skew" : 0.0,
               "x" : 0.0
            },
            {
               "easing" : 1,
               "skew" : 0.0,
               "x" : 9999999.0
            }
         ],
         "yControl" : [
            {
               "easing" : 1,
               "x" : 0.0,
               "y" : 1.0
            },
            {
               "easing" : 1,
               "x" : 9999999.0,
               "y" : 1.0
            }
         ],
         "zOrder" : 0
      },
      {
         "Group" : 0,
         "Name" : "Untitled",
         "Texture" : "line.png",
         "alphaControl" : [
            {
               "alpha" : 1.0,
               "easing" : 1,
               "x" : 0.0
            },
            {
               "alpha" : 1.0,
               "easing" : 1,
               "x" : 9999999.0
            }
         ],
         "bpmfactor" : 1.0,
         "eventLayers" : [
            {
               "alphaEvents" : [
                  {
                     "bezier" : 0,
                     "bezierPoints" : [ 0.0, 0.0, 0.0, 0.0 ],
                     "easingLeft" : 0.0,
                     "easingRight" : 1.0,
                     "easingType" : 1,
                     "end" : 0,
                     "endTime" : [ 1, 0, 1 ],
                     "linkgroup" : 0,
                     "start" : 0,
                     "startTime" : [ 0, 0, 1 ]
                  }
               ],
               "moveXEvents" : [
                  {
                     "bezier" : 0,
                     "bezierPoints" : [ 0.0, 0.0, 0.0, 0.0 ],
                     "easingLeft" : 0.0,
                     "easingRight" : 1.0,
                     "easingType" : 1,
                     "end" : 0.0,
                     "endTime" : [ 1, 0, 1 ],
                     "linkgroup" : 0,
                     "start" : 0.0,
                     "startTime" : [ 0, 0, 1 ]
                  }
               ],
               "moveYEvents" : [
                  {
                     "bezier" : 0,
                     "bezierPoints" : [ 0.0, 0.0, 0.0, 0.0 ],
                     "easingLeft" : 0.0,
                     "easingRight" : 1.0,
                     "easingType" : 1,
                     "end" : 0.0,
                     "endTime" : [ 1, 0, 1 ],
                     "linkgroup" : 0,
                     "start" : 0.0,
                     "startTime" : [ 0, 0, 1 ]
                  }
               ],
               "rotateEvents" : [
                  {
                     "bezier" : 0,
                     "bezierPoints" : [ 0.0, 0.0, 0.0, 0.0 ],
                     "easingLeft" : 0.0,
                     "easingRight" : 1.0,
                     "easingType" : 1,
                     "end" : 0.0,
                     "endTime" : [ 1, 0, 1 ],
                     "linkgroup" : 0,
                     "start" : 0.0,
                     "startTime" : [ 0, 0, 1 ]
                  }
               ],
               "speedEvents" : [
                  {
                     "end" : 10.0,
                     "endTime" : [ 1, 0, 1 ],
                     "linkgroup" : 0,
                     "start" : 10.0,
                     "startTime" : [ 0, 0, 1 ]
                  }
               ]
            }
         ],
         "extended" : {
            "inclineEvents" : [
               {
                  "bezier" : 0,
                  "bezierPoints" : [ 0.0, 0.0, 0.0, 0.0 ],
                  "easingLeft" : 0.0,
                  "easingRight" : 1.0,
                  "easingType" : 4,
                  "end" : 0.0,
                  "endTime" : [ 1, 0, 1 ],
                  "linkgroup" : 0,
                  "start" : 0.0,
                  "startTime" : [ 0, 0, 1 ]
               }
            ]
         },
         "father" : -1,
         "isCover" : 1,
         "numOfNotes" : 0,
         "posControl" : [
            {
               "easing" : 1,
               "pos" : 1.0,
               "x" : 0.0
            },
            {
               "easing" : 1,
               "pos" : 1.0,
               "x" : 9999999.0
            }
         ],
         "sizeControl" : [
            {
               "easing" : 1,
               "size" : 1.0,
               "x" : 0.0
            },
            {
               "easing" : 1,
               "size" : 1.0,
               "x" : 9999999.0
            }
         ],
         "skewControl" : [
            {
               "easing" : 1,
               "skew" : 0.0,
               "x" : 0.0
            },
            {
               "easing" : 1,
               "skew" : 0.0,
               "x" : 9999999.0
            }
         ],
         "yControl" : [
            {
               "easing" : 1,
               "x" : 0.0,
               "y" : 1.0
            },
            {
               "easing" : 1,
               "x" : 9999999.0,
               "y" : 1.0
            }
         ],
         "zOrder" : 0
      },
      {
         "Group" : 0,
         "Name" : "Untitled",
         "Texture" : "line.png",
         "alphaControl" : [
            {
               "alpha" : 1.0,
               "easing" : 1,
               "x" : 0.0
            },
            {
               "alpha" : 1.0,
               "easing" : 1,
               "x" : 9999999.0
            }
         ],
         "bpmfactor" : 1.0,
         "eventLayers" : [
            {
               "alphaEvents" : [
                  {
                     "bezier" : 0,
                     "bezierPoints" : [ 0.0, 0.0, 0.0, 0.0 ],
                     "easingLeft" : 0.0,
                     "easingRight" : 1.0,
                     "easingType" : 1,
                     "end" : 0,
                     "endTime" : [ 1, 0, 1 ],
                     "linkgroup" : 0,
                     "start" : 0,
                     "startTime" : [ 0, 0, 1 ]
                  }
               ],
               "moveXEvents" : [
                  {
                     "bezier" : 0,
                     "bezierPoints" : [ 0.0, 0.0, 0.0, 0.0 ],
                     "easingLeft" : 0.0,
                     "easingRight" : 1.0,
                     "easingType" : 1,
                     "end" : 0.0,
                     "endTime" : [ 1, 0, 1 ],
                     "linkgroup" : 0,
                     "start" : 0.0,
                     "startTime" : [ 0, 0, 1 ]
                  }
               ],
               "moveYEvents" : [
                  {
                     "bezier" : 0,
                     "bezierPoints" : [ 0.0, 0.0, 0.0, 0.0 ],
                     "easingLeft" : 0.0,
                     "easingRight" : 1.0,
                     "easingType" : 1,
                     "end" : 0.0,
                     "endTime" : [ 1, 0, 1 ],
                     "linkgroup" : 0,
                     "start" : 0.0,
                     "startTime" : [ 0, 0, 1 ]
                  }
               ],
               "rotateEvents" : [
                  {
                     "bezier" : 0,
                     "bezierPoints" : [ 0.0, 0.0, 0.0, 0.0 ],
                     "easingLeft" : 0.0,
                     "easingRight" : 1.0,
                     "easingType" : 1,
                     "end" : 0.0,
                     "endTime" : [ 1, 0, 1 ],
                     "linkgroup" : 0,
                     "start" : 0.0,
                     "startTime" : [ 0, 0, 1 ]
                  }
               ],
               "speedEvents" : [
                  {
                     "end" : 10.0,
                     "endTime" : [ 1, 0, 1 ],
                     "linkgroup" : 0,
                     "start" : 10.0,
                     "startTime" : [ 0, 0, 1 ]
                  }
               ]
            }
         ],
         "extended" : {
            "inclineEvents" : [
               {
                  "bezier" : 0,
                  "bezierPoints" : [ 0.0, 0.0, 0.0, 0.0 ],
                  "easingLeft" : 0.0,
                  "easingRight" : 1.0,
                  "easingType" : 5,
                  "end" : 0.0,
                  "endTime" : [ 1, 0, 1 ],
                  "linkgroup" : 0,
                  "start" : 0.0,
                  "startTime" : [ 0, 0, 1 ]
               }
            ]
         },
         "father" : -1,
         "isCover" : 1,
         "numOfNotes" : 0,
         "posControl" : [
            {
               "easing" : 1,
               "pos" : 1.0,
               "x" : 0.0
            },
            {
               "easing" : 1,
               "pos" : 1.0,
               "x" : 9999999.0
            }
         ],
         "sizeControl" : [
            {
               "easing" : 1,
               "size" : 1.0,
               "x" : 0.0
            },
            {
               "easing" : 1,
               "size" : 1.0,
               "x" : 9999999.0
            }
         ],
         "skewControl" : [
            {
               "easing" : 1,
               "skew" : 0.0,
               "x" : 0.0
            },
            {
               "easing" : 1,
               "skew" : 0.0,
               "x" : 9999999.0
            }
         ],
         "yControl" : [
            {
               "easing" : 1,
               "x" : 0.0,
               "y" : 1.0
            },
            {
               "easing" : 1,
               "x" : 9999999.0,
               "y" : 1.0
            }
         ],
         "zOrder" : 0
      },
      {
         "Group" : 0,
         "Name" : "Untitled",
         "Texture" : "line.png",
         "alphaControl" : [
            {
               "alpha" : 1.0,
               "easing" : 1,
               "x" : 0.0
            },
            {
               "alpha" : 1.0,
               "easing" : 1,
               "x" : 9999999.0
            }
         ],
         "bpmfactor" : 1.0,
         "eventLayers" : [
            {
               "alphaEvents" : [
                  {
                     "bezier" : 0,
                     "bezierPoints" : [ 0.0, 0.0, 0.0, 0.0 ],
                     "easingLeft" : 0.0,
                     "easingRight" : 1.0,
                     "easingType" : 1,
                     "end" : 0,
                     "endTime" : [ 1, 0, 1 ],
                     "linkgroup" : 0,
                     "start" : 0,
                     "startTime" : [ 0, 0, 1 ]
                  }
               ],
               "moveXEvents" : [
                  {
                     "bezier" : 0,
                     "bezierPoints" : [ 0.0, 0.0, 0.0, 0.0 ],
                     "easingLeft" : 0.0,
                     "easingRight" : 1.0,
                     "easingType" : 1,
                     "end" : 0.0,
                     "endTime" : [ 1, 0, 1 ],
                     "linkgroup" : 0,
                     "start" : 0.0,
                     "startTime" : [ 0, 0, 1 ]
                  }
               ],
               "moveYEvents" : [
                  {
                     "bezier" : 0,
                     "bezierPoints" : [ 0.0, 0.0, 0.0, 0.0 ],
                     "easingLeft" : 0.0,
                     "easingRight" : 1.0,
                     "easingType" : 1,
                     "end" : 0.0,
                     "endTime" : [ 1, 0, 1 ],
                     "linkgroup" : 0,
                     "start" : 0.0,
                     "startTime" : [ 0, 0, 1 ]
                  }
               ],
               "rotateEvents" : [
                  {
                     "bezier" : 0,
                     "bezierPoints" : [ 0.0, 0.0, 0.0, 0.0 ],
                     "easingLeft" : 0.0,
                     "easingRight" : 1.0,
                     "easingType" : 1,
                     "end" : 0.0,
                     "endTime" : [ 1, 0, 1 ],
                     "linkgroup" : 0,
                     "start" : 0.0,
                     "startTime" : [ 0, 0, 1 ]
                  }
               ],
               "speedEvents" : [
                  {
                     "end" : 10.0,
                     "endTime" : [ 1, 0, 1 ],
                     "linkgroup" : 0,
                     "start" : 10.0,
                     "startTime" : [ 0, 0, 1 ]
                  }
               ]
            }
         ],
         "extended" : {
            "inclineEvents" : [
               {
                  "bezier" : 0,
                  "bezierPoints" : [ 0.0, 0.0, 0.0, 0.0 ],
                  "easingLeft" : 0.0,
                  "easingRight" : 1.0,
                  "easingType" : 6,
                  "end" : 0.0,
                  "endTime" : [ 1, 0, 1 ],
                  "linkgroup" : 0,
                  "start" : 0.0,
                  "startTime" : [ 0, 0, 1 ]
               }
            ]
         },
         "father" : -1,
         "isCover" : 1,
         "numOfNotes" : 0,
         "posControl" : [
            {
               "easing" : 1,
               "pos" : 1.0,
               "x" : 0.0
            },
            {
               "easing" : 1,
               "pos" : 1.0,
               "x" : 9999999.0
            }
         ],
         "sizeControl" : [
            {
               "easing" : 1,
               "size" : 1.0,
               "x" : 0.0
            },
            {
               "easing" : 1,
               "size" : 1.0,
               "x" : 9999999.0
            }
         ],
         "skewControl" : [
            {
               "easing" : 1,
               "skew" : 0.0,
               "x" : 0.0
            },
            {
               "easing" : 1,
               "skew" : 0.0,
               "x" : 9999999.0
            }
         ],
         "yControl" : [
            {
               "easing" : 1,
               "x" : 0.0,
               "y" : 1.0
            },
            {
               "easing" : 1,
               "x" : 9999999.0,
               "y" : 1.0
            }
         ],
         "zOrder" : 0
      },
      {
         "Group" : 0,
         "Name" : "Untitled",
         "Texture" : "line.png",
         "alphaControl" : [
            {
               "alpha" : 1.0,
               "easing" : 1,
               "x" : 0.0
            },
            {
               "alpha" : 1.0,
               "easing" : 1,
               "x" : 9999999.0
            }
         ],
         "bpmfactor" : 1.0,
         "eventLayers" : [
            {
               "alphaEvents" : [
                  {
                     "bezier" : 0,
                     "bezierPoints" : [ 0.0, 0.0, 0.0, 0.0 ],
                     "easingLeft" : 0.0,
                     "easingRight" : 1.0,
                     "easingType" : 1,
                     "end" : 0,
                     "endTime" : [ 1, 0, 1 ],
                     "linkgroup" : 0,
                     "start" : 0,
                     "startTime" : [ 0, 0, 1 ]
                  }
               ],
               "moveXEvents" : [
                  {
                     "bezier" : 0,
                     "bezierPoints" : [ 0.0, 0.0, 0.0, 0.0 ],
                     "easingLeft" : 0.0,
                     "easingRight" : 1.0,
                     "easingType" : 1,
                     "end" : 0.0,
                     "endTime" : [ 1, 0, 1 ],
                     "linkgroup" : 0,
                     "start" : 0.0,
                     "startTime" : [ 0, 0, 1 ]
                  }
               ],
               "moveYEvents" : [
                  {
                     "bezier" : 0,
                     "bezierPoints" : [ 0.0, 0.0, 0.0, 0.0 ],
                     "easingLeft" : 0.0,
                     "easingRight" : 1.0,
                     "easingType" : 1,
                     "end" : 0.0,
                     "endTime" : [ 1, 0, 1 ],
                     "linkgroup" : 0,
                     "start" : 0.0,
                     "startTime" : [ 0, 0, 1 ]
                  }
               ],
               "rotateEvents" : [
                  {
                     "bezier" : 0,
                     "bezierPoints" : [ 0.0, 0.0, 0.0, 0.0 ],
                     "easingLeft" : 0.0,
                     "easingRight" : 1.0,
                     "easingType" : 1,
                     "end" : 16.57,
                     "endTime" : [ 15, 0, 1 ],
                     "linkgroup" : 0,
                     "start" : 0.0,
                     "startTime" : [ 14, 0, 1 ]
                  }
               ],
               "speedEvents" : [
                  {
                     "end" : 10.0,
                     "endTime" : [ 1, 0, 1 ],
                     "linkgroup" : 0,
                     "start" : 10.0,
                     "startTime" : [ 0, 0, 1 ]
                  }
               ]
            }
         ],
         "extended" : {
            "inclineEvents" : [
               {
                  "bezier" : 0,
                  "bezierPoints" : [ 0.0, 0.0, 0.0, 0.0 ],
                  "easingLeft" : 0.0,
                  "easingRight" : 1.0,
                  "easingType" : 7,
                  "end" : 0.0,
                  "endTime" : [ 1, 0, 1 ],
                  "linkgroup" : 0,
                  "start" : 0.0,
                  "startTime" : [ 0, 0, 1 ]
               }
            ]
         },
         "father" : -1,
         "isCover" : 1,
         "numOfNotes" : 0,
         "posControl" : [
            {
               "easing" : 1,
               "pos" : 1.0,
               "x" : 0.0
            },
            {
               "easing" : 1,
               "pos" : 1.0,
               "x" : 9999999.0
            }
         ],
         "sizeControl" : [
            {
               "easing" : 1,
               "size" : 1.0,
               "x" : 0.0
            },
            {
               "easing" : 1,
               "size" : 1.0,
               "x" : 9999999.0
            }
         ],
         "skewControl" : [
            {
               "easing" : 1,
               "skew" : 0.0,
               "x" : 0.0
            },
            {
               "easing" : 1,
               "skew" : 0.0,
               "x" : 9999999.0
            }
         ],
         "yControl" : [
            {
               "easing" : 1,
               "x" : 0.0,
               "y" : 1.0
            },
            {
               "easing" : 1,
               "x" : 9999999.0,
               "y" : 1.0
            }
         ],
         "zOrder" : 0
      },
      {
         "Group" : 0,
         "Name" : "Untitled",
         "Texture" : "line.png",
         "alphaControl" : [
            {
               "alpha" : 1.0,
               "easing" : 1,
               "x" : 0.0
            },
            {
               "alpha" : 1.0,
               "easing" : 1,
               "x" : 9999999.0
            }
         ],
         "bpmfactor" : 1.0,
         "eventLayers" : [
            {
               "alphaEvents" : [
                  {
                     "bezier" : 0,
                     "bezierPoints" : [ 0.0, 0.0, 0.0, 0.0 ],
                     "easingLeft" : 0.0,
                     "easingRight" : 1.0,
                     "easingType" : 1,
                     "end" : 0,
                     "endTime" : [ 1, 0, 1 ],
                     "linkgroup" : 0,
                     "start" : 0,
                     "startTime" : [ 0, 0, 1 ]
                  }
               ],
               "moveXEvents" : [
                  {
                     "bezier" : 0,
                     "bezierPoints" : [ 0.0, 0.0, 0.0, 0.0 ],
                     "easingLeft" : 0.0,
                     "easingRight" : 1.0,
                     "easingType" : 1,
                     "end" : 0.0,
                     "endTime" : [ 1, 0, 1 ],
                     "linkgroup" : 0,
                     "start" : 0.0,
                     "startTime" : [ 0, 0, 1 ]
                  }
               ],
               "moveYEvents" : [
                  {
                     "bezier" : 0,
                     "bezierPoints" : [ 0.0, 0.0, 0.0, 0.0 ],
                     "easingLeft" : 0.0,
                     "easingRight" : 1.0,
                     "easingType" : 1,
                     "end" : 0.0,
                     "endTime" : [ 1, 0, 1 ],
                     "linkgroup" : 0,
                     "start" : 0.0,
                     "startTime" : [ 0, 0, 1 ]
                  }
               ],
               "rotateEvents" : [
                  {
                     "bezier" : 0,
                     "bezierPoints" : [ 0.0, 0.0, 0.0, 0.0 ],
                     "easingLeft" : 0.0,
                     "easingRight" : 1.0,
                     "easingType" : 1,
                     "end" : 0.0,
                     "endTime" : [ 1, 0, 1 ],
                     "linkgroup" : 0,
                     "start" : 0.0,
                     "startTime" : [ 0, 0, 1 ]
                  }
               ],
               "speedEvents" : [
                  {
                     "end" : 10.0,
                     "endTime" : [ 1, 0, 1 ],
                     "linkgroup" : 0,
                     "start" : 10.0,
                     "startTime" : [ 0, 0, 1 ]
                  }
               ]
            }
         ],
         "extended" : {
            "inclineEvents" : [
               {
                  "bezier" : 0,
                  "bezierPoints" : [ 0.0, 0.0, 0.0, 0.0 ],
                  "easingLeft" : 0.0,
                  "easingRight" : 1.0,
                  "easingType" : 8,
                  "end" : 0.0,
                  "endTime" : [ 1, 0, 1 ],
                  "linkgroup" : 0,
                  "start" : 0.0,
                  "startTime" : [ 0, 0, 1 ]
               }
            ]
         },
         "father" : -1,
         "isCover" : 1,
         "numOfNotes" : 0,
         "posControl" : [
            {
               "easing" : 1,
               "pos" : 1.0,
               "x" : 0.0
            },
            {
               "easing" : 1,
               "pos" : 1.0,
               "x" : 9999999.0
            }
         ],
         "sizeControl" : [
            {
               "easing" : 1,
               "size" : 1.0,
               "x" : 0.0
            },
            {
               "easing" : 1,
               "size" : 1.0,
               "x" : 9999999.0
            }
         ],
         "skewControl" : [
            {
               "easing" : 1,
               "skew" : 0.0,
               "x" : 0.0
            },
            {
               "easing" : 1,
               "skew" : 0.0,
               "x" : 9999999.0
            }
         ],
         "yControl" : [
            {
               "easing" : 1,
               "x" : 0.0,
               "y" : 1.0
            },
            {
               "easing" : 1,
               "x" : 9999999.0,
               "y" : 1.0
            }
         ],
         "zOrder" : 0
      },
      {
         "Group" : 0,
         "Name" : "Untitled",
         "Texture" : "line.png",
         "alphaControl" : [
            {
               "alpha" : 1.0,
               "easing" : 1,
               "x" : 0.0
            },
            {
               "alpha" : 1.0,
               "easing" : 1,
               "x" : 9999999.0
            }
         ],
         "bpmfactor" : 1.0,
         "eventLayers" : [
            {
               "alphaEvents" : [
                  {
                     "bezier" : 0,
                     "bezierPoints" : [ 0.0, 0.0, 0.0, 0.0 ],
                     "easingLeft" : 0.0,
                     "easingRight" : 1.0,
                     "easingType" : 1,
                     "end" : 0,
                     "endTime" : [ 1, 0, 1 ],
                     "linkgroup" : 0,
                     "start" : 0,
                     "startTime" : [ 0, 0, 1 ]
                  }
               ],
               "moveXEvents" : [
                  {
                     "bezier" : 0,
                     "bezierPoints" : [ 0.0, 0.0, 0.0, 0.0 ],
                     "easingLeft" : 0.0,
                     "easingRight" : 1.0,
                     "easingType" : 1,
                     "end" : 0.0,
                     "endTime" : [ 1, 0, 1 ],
                     "linkgroup" : 0,
                     "start" : 0.0,
                     "startTime" : [ 0, 0, 1 ]
                  }
               ],
               "moveYEvents" : [
                  {
                     "bezier" : 0,
                     "bezierPoints" : [ 0.0, 0.0, 0.0, 0.0 ],
                     "easingLeft" : 0.0,
                     "easingRight" : 1.0,
                     "easingType" : 1,
                     "end" : 0.0,
                     "endTime" : [ 1, 0, 1 ],
                     "linkgroup" : 0,
                     "start" : 0.0,
                     "startTime" : [ 0, 0, 1 ]
                  }
               ],
               "rotateEvents" : [
                  {
                     "bezier" : 0,
                     "bezierPoints" : [ 0.0, 0.0, 0.0, 0.0 ],
                     "easingLeft" : 0.0,
                     "easingRight" : 1.0,
                     "easingType" : 1,
                     "end" : 0.0,
                     "endTime" : [ 1, 0, 1 ],
                     "linkgroup" : 0,
                     "start" : 0.0,
                     "startTime" : [ 0, 0, 1 ]
                  }
               ],
               "speedEvents" : [
                  {
                     "end" : 10.0,
                     "endTime" : [ 1, 0, 1 ],
                     "linkgroup" : 0,
                     "start" : 10.0,
                     "startTime" : [ 0, 0, 1 ]
                  }
               ]
            }
         ],
         "extended" : {
            "inclineEvents" : [
               {
                  "bezier" : 0,
                  "bezierPoints" : [ 0.0, 0.0, 0.0, 0.0 ],
                  "easingLeft" : 0.0,
                  "easingRight" : 1.0,
                  "easingType" : 9,
                  "end" : 0.0,
                  "endTime" : [ 1, 0, 1 ],
                  "linkgroup" : 0,
                  "start" : 0.0,
                  "startTime" : [ 0, 0, 1 ]
               }
            ]
         },
         "father" : -1,
         "isCover" : 1,
         "numOfNotes" : 0,
         "posControl" : [
            {
               "easing" : 1,
               "pos" : 1.0,
               "x" : 0.0
            },
            {
               "easing" : 1,
               "pos" : 1.0,
               "x" : 9999999.0
            }
         ],
         "sizeControl" : [
            {
               "easing" : 1,
               "size" : 1.0,
               "x" : 0.0
            },
            {
               "easing" : 1,
               "size" : 1.0,
               "x" : 9999999.0
            }
         ],
         "skewControl" : [
            {
               "easing" : 1,
               "skew" : 0.0,
               "x" : 0.0
            },
            {
               "easing" : 1,
               "skew" : 0.0,
               "x" : 9999999.0
            }
         ],
         "yControl" : [
            {
               "easing" : 1,
               "x" : 0.0,
               "y" : 1.0
            },
            {
               "easing" : 1,
               "x" : 9999999.0,
               "y" : 1.0
            }
         ],
         "zOrder" : 0
      },
      {
         "Group" : 0,
         "Name" : "Untitled",
         "Texture" : "line.png",
         "alphaControl" : [
            {
               "alpha" : 1.0,
               "easing" : 1,
               "x" : 0.0
            },
            {
               "alpha" : 1.0,
               "easing" : 1,
               "x" : 9999999.0
            }
         ],
         "bpmfactor" : 1.0,
         "eventLayers" : [
            {
               "alphaEvents" : [
                  {
                     "bezier" : 0,
                     "bezierPoints" : [ 0.0, 0.0, 0.0, 0.0 ],
                     "easingLeft" : 0.0,
                     "easingRight" : 1.0,
                     "easingType" : 1,
                     "end" : 0,
                     "endTime" : [ 1, 0, 1 ],
                     "linkgroup" : 0,
                     "start" : 0,
                     "startTime" : [ 0, 0, 1 ]
                  }
               ],
               "moveXEvents" : [
                  {
                     "bezier" : 0,
                     "bezierPoints" : [ 0.0, 0.0, 0.0, 0.0 ],
                     "easingLeft" : 0.0,
                     "easingRight" : 1.0,
                     "easingType" : 1,
                     "end" : 0.0,
                     "endTime" : [ 1, 0, 1 ],
                     "linkgroup" : 0,
                     "start" : 0.0,
                     "startTime" : [ 0, 0, 1 ]
                  }
               ],
               "moveYEvents" : [
                  {
                     "bezier" : 0,
                     "bezierPoints" : [ 0.0, 0.0, 0.0, 0.0 ],
                     "easingLeft" : 0.0,
                     "easingRight" : 1.0,
                     "easingType" : 1,
                     "end" : 0.0,
                     "endTime" : [ 1, 0, 1 ],
                     "linkgroup" : 0,
                     "start" : 0.0,
                     "startTime" : [ 0, 0, 1 ]
                  }
               ],
               "rotateEvents" : [
                  {
                     "bezier" : 0,
                     "bezierPoints" : [ 0.0, 0.0, 0.0, 0.0 ],
                     "easingLeft" : 0.0,
                     "easingRight" : 1.0,
                     "easingType" : 1,
                     "end" : 0.0,
                     "endTime" : [ 1, 0, 1 ],
                     "linkgroup" : 0,
                     "start" : 0.0,
                     "startTime" : [ 0, 0, 1 ]
                  }
               ],
               "speedEvents" : [
                  {
                     "end" : 10.0,
                     "endTime" : [ 1, 0, 1 ],
                     "linkgroup" : 0,
                     "start" : 10.0,
                     "startTime" : [ 0, 0, 1 ]
                  }
               ]
            }
         ],
         "extended" : {
            "inclineEvents" : [
               {
                  "bezier" : 0,
                  "bezierPoints" : [ 0.0, 0.0, 0.0, 0.0 ],
                  "easingLeft" : 0.0,
                  "easingRight" : 1.0,
                  "easingType" : 10,
                  "end" : 0.0,
                  "endTime" : [ 1, 0, 1 ],
                  "linkgroup" : 0,
                  "start" : 0.0,
                  "startTime" : [ 0, 0, 1 ]
               }
            ]
         },
         "father" : -1,
         "isCover" : 1,
         "numOfNotes" : 0,
         "posControl" : [
            {
               "easing" : 1,
               "pos" : 1.0,
               "x" : 0.0
            },
            {
               "easing" : 1,
               "pos" : 1.0,
               "x" : 9999999.0
            }
         ],
         "sizeControl" : [
            {
               "easing" : 1,
               "size" : 1.0,
               "x" : 0.0
            },
            {
               "easing" : 1,
               "size" : 1.0,
               "x" : 9999999.0
            }
         ],
         "skewControl" : [
            {
               "easing" : 1,
               "skew" : 0.0,
               "x" : 0.0
            },
            {
               "easing" : 1,
               "skew" : 0.0,
               "x" : 9999999.0
            }
         ],
         "yControl" : [
            {
               "easing" : 1,
               "x" : 0.0,
               "y" : 1.0
            },
            {
               "easing" : 1,
               "x" : 9999999.0,
               "y" : 1.0
            }
         ],
         "zOrder" : 0
      },
      {
         "Group" : 0,
         "Name" : "Untitled",
         "Texture" : "line.png",
         "alphaControl" : [
            {
               "alpha" : 1.0,
               "easing" : 1,
               "x" : 0.0
            },
            {
               "alpha" : 1.0,
               "easing" : 1,
               "x" : 9999999.0
            }
         ],
         "bpmfactor" : 1.0,
         "eventLayers" : [
            {
               "alphaEvents" : [
                  {
                     "bezier" : 0,
                     "bezierPoints" : [ 0.0, 0.0, 0.0, 0.0 ],
                     "easingLeft" : 0.0,
                     "easingRight" : 1.0,
                     "easingType" : 1,
                     "end" : 0,
                     "endTime" : [ 1, 0, 1 ],
                     "linkgroup" : 0,
                     "start" : 0,
                     "startTime" : [ 0, 0, 1 ]
                  }
               ],
               "moveXEvents" : [
                  {
                     "bezier" : 0,
                     "bezierPoints" : [ 0.0, 0.0, 0.0, 0.0 ],
                     "easingLeft" : 0.0,
                     "easingRight" : 1.0,
                     "easingType" : 1,
                     "end" : 0.0,
                     "endTime" : [ 1, 0, 1 ],
                     "linkgroup" : 0,
                     "start" : 0.0,
                     "startTime" : [ 0, 0, 1 ]
                  }
               ],
               "moveYEvents" : [
                  {
                     "bezier" : 0,
                     "bezierPoints" : [ 0.0, 0.0, 0.0, 0.0 ],
                     "easingLeft" : 0.0,
                     "easingRight" : 1.0,
                     "easingType" : 1,
                     "end" : 0.0,
                     "endTime" : [ 1, 0, 1 ],
                     "linkgroup" : 0,
                     "start" : 0.0,
                     "startTime" : [ 0, 0, 1 ]
                  }
               ],
               "rotateEvents" : [
                  {
                     "bezier" : 0,
                     "bezierPoints" : [ 0.0, 0.0, 0.0, 0.0 ],
                     "easingLeft" : 0.0,
                     "easingRight" : 1.0,
                     "easingType" : 1,
                     "end" : 0.0,
                     "endTime" : [ 1, 0, 1 ],
                     "linkgroup" : 0,
                     "start" : 0.0,
                     "startTime" : [ 0, 0, 1 ]
                  }
               ],
               "speedEvents" : [
                  {
                     "end" : 10.0,
                     "endTime" : [ 1, 0, 1 ],
                     "linkgroup" : 0,
                     "start" : 10.0,
                     "startTime" : [ 0, 0, 1 ]
                  }
               ]
            }
         ],
         "extended" : {
            "inclineEvents" : [
               {
                  "bezier" : 0,
                  "bezierPoints" : [ 0.0, 0.0, 0.0, 0.0 ],
                  "easingLeft" : 0.0,
                  "easingRight" : 1.0,
                  "easingType" : 11,
                  "end" : 0.0,
                  "endTime" : [ 1, 0, 1 ],
                  "linkgroup" : 0,
                  "start" : 0.0,
                  "startTime" : [ 0, 0, 1 ]
               }
            ]
         },
         "father" : -1,
         "isCover" : 1,
         "numOfNotes" : 0,
         "posControl" : [
            {
               "easing" : 1,
               "pos" : 1.0,
               "x" : 0.0
            },
            {
               "easing" : 1,
               "pos" : 1.0,
               "x" : 9999999.0
            }
         ],
         "sizeControl" : [
            {
               "easing" : 1,
               "size" : 1.0,
               "x" : 0.0
            },
            {
               "easing" : 1,
               "size" : 1.0,
               "x" : 9999999.0
            }
         ],
         "skewControl" : [
            {
               "easing" : 1,
               "skew" : 0.0,
               "x" : 0.0
            },
            {
               "easing" : 1,
               "skew" : 0.0,
               "x" : 9999999.0
            }
         ],
         "yControl" : [
            {
               "easing" : 1,
               "x" : 0.0,
               "y" : 1.0
            },
            {
               "easing" : 1,
               "x" : 9999999.0,
               "y" : 1.0
            }
         ],
         "zOrder" : 0
      },
      {
         "Group" : 0,
         "Name" : "Untitled",
         "Texture" : "line.png",
         "alphaControl" : [
            {
               "alpha" : 1.0,
               "easing" : 1,
               "x" : 0.0
            },
            {
               "alpha" : 1.0,
               "easing" : 1,
               "x" : 9999999.0
            }
         ],
         "bpmfactor" : 1.0,
         "eventLayers" : [
            {
               "alphaEvents" : [
                  {
                     "bezier" : 0,
                     "bezierPoints" : [ 0.0, 0.0, 0.0, 0.0 ],
                     "easingLeft" : 0.0,
                     "easingRight" : 1.0,
                     "easingType" : 1,
                     "end" : 0,
                     "endTime" : [ 1, 0, 1 ],
                     "linkgroup" : 0,
                     "start" : 0,
                     "startTime" : [ 0, 0, 1 ]
                  }
               ],
               "moveXEvents" : [
                  {
                     "bezier" : 0,
                     "bezierPoints" : [ 0.0, 0.0, 0.0, 0.0 ],
                     "easingLeft" : 0.0,
                     "easingRight" : 1.0,
                     "easingType" : 1,
                     "end" : 0.0,
                     "endTime" : [ 1, 0, 1 ],
                     "linkgroup" : 0,
                     "start" : 0.0,
                     "startTime" : [ 0, 0, 1 ]
                  }
               ],
               "moveYEvents" : [
                  {
                     "bezier" : 0,
                     "bezierPoints" : [ 0.0, 0.0, 0.0, 0.0 ],
                     "easingLeft" : 0.0,
                     "easingRight" : 1.0,
                     "easingType" : 1,
                     "end" : 0.0,
                     "endTime" : [ 1, 0, 1 ],
                     "linkgroup" : 0,
                     "start" : 0.0,
                     "startTime" : [ 0, 0, 1 ]
                  }
               ],
               "rotateEvents" : [
                  {
                     "bezier" : 0,
                     "bezierPoints" : [ 0.0, 0.0, 0.0, 0.0 ],
                     "easingLeft" : 0.0,
                     "easingRight" : 1.0,
                     "easingType" : 1,
                     "end" : 0.0,
                     "endTime" : [ 1, 0, 1 ],
                     "linkgroup" : 0,
                     "start" : 0.0,
                     "startTime" : [ 0, 0, 1 ]
                  }
               ],
               "speedEvents" : [
                  {
                     "end" : 10.0,
                     "endTime" : [ 1, 0, 1 ],
                     "linkgroup" : 0,
                     "start" : 10.0,
                     "startTime" : [ 0, 0, 1 ]
                  }
               ]
            }
         ],
         "extended" : {
            "inclineEvents" : [
               {
                  "bezier" : 0,
                  "bezierPoints" : [ 0.0, 0.0, 0.0, 0.0 ],
                  "easingLeft" : 0.0,
                  "easingRight" : 1.0,
                  "easingType" : 12,
                  "end" : 0.0,
                  "endTime" : [ 1, 0, 1 ],
                  "linkgroup" : 0,
                  "start" : 0.0,
                  "startTime" : [ 0, 0, 1 ]
               }
            ]
         },
         "father" : -1,
         "isCover" : 1,
         "numOfNotes" : 0,
         "posControl" : [
            {
               "easing" : 1,
               "pos" : 1.0,
               "x" : 0.0
            },
            {
               "easing" : 1,
               "pos" : 1.0,
               "x" : 9999999.0
            }
         ],
         "sizeControl" : [
            {
               "easing" : 1,
               "size" : 1.0,
               "x" : 0.0
            },
            {
               "easing" : 1,
               "size" : 1.0,
               "x" : 9999999.0
            }
         ],
         "skewControl" : [
            {
               "easing" : 1,
               "skew" : 0.0,
               "x" : 0.0
            },
            {
               "easing" : 1,
               "skew" : 0.0,
               "x" : 9999999.0
            }
         ],
         "yControl" : [
            {
               "easing" : 1,
               "x" : 0.0,
               "y" : 1.0
            },
            {
               "easing" : 1,
               "x" : 9999999.0,
               "y" : 1.0
            }
         ],
         "zOrder" : 0
      },
      {
         "Group" : 0,
         "Name" : "Untitled",
         "Texture" : "line.png",
         "alphaControl" : [
            {
               "alpha" : 1.0,
               "easing" : 1,
               "x" : 0.0
            },
            {
               "alpha" : 1.0,
               "easing" : 1,
               "x" : 9999999.0
            }
         ],
         "bpmfactor" : 1.0,
         "eventLayers" : [
            {
               "alphaEvents" : [
                  {
                     "bezier" : 0,
                     "bezierPoints" : [ 0.0, 0.0, 0.0, 0.0 ],
                     "easingLeft" : 0.0,
                     "easingRight" : 1.0,
                     "easingType" : 1,
                     "end" : 0,
                     "endTime" : [ 1, 0, 1 ],
                     "linkgroup" : 0,
                     "start" : 0,
                     "startTime" : [ 0, 0, 1 ]
                  }
               ],
               "moveXEvents" : [
                  {
                     "bezier" : 0,
                     "bezierPoints" : [ 0.0, 0.0, 0.0, 0.0 ],
                     "easingLeft" : 0.0,
                     "easingRight" : 1.0,
                     "easingType" : 1,
                     "end" : 0.0,
                     "endTime" : [ 1, 0, 1 ],
                     "linkgroup" : 0,
                     "start" : 0.0,
                     "startTime" : [ 0, 0, 1 ]
                  }
               ],
               "moveYEvents" : [
                  {
                     "bezier" : 0,
                     "bezierPoints" : [ 0.0, 0.0, 0.0, 0.0 ],
                     "easingLeft" : 0.0,
                     "easingRight" : 1.0,
                     "easingType" : 1,
                     "end" : 0.0,
                     "endTime" : [ 1, 0, 1 ],
                     "linkgroup" : 0,
                     "start" : 0.0,
                     "startTime" : [ 0, 0, 1 ]
                  }
               ],
               "rotateEvents" : [
                  {
                     "bezier" : 0,
                     "bezierPoints" : [ 0.0, 0.0, 0.0, 0.0 ],
                     "easingLeft" : 0.0,
                     "easingRight" : 1.0,
                     "easingType" : 1,
                     "end" : 0.0,
                     "endTime" : [ 1, 0, 1 ],
                     "linkgroup" : 0,
                     "start" : 0.0,
                     "startTime" : [ 0, 0, 1 ]
                  }
               ],
               "speedEvents" : [
                  {
                     "end" : 10.0,
                     "endTime" : [ 1, 0, 1 ],
                     "linkgroup" : 0,
                     "start" : 10.0,
                     "startTime" : [ 0, 0, 1 ]
                  }
               ]
            }
         ],
         "extended" : {
            "inclineEvents" : [
               {
                  "bezier" : 0,
                  "bezierPoints" : [ 0.0, 0.0, 0.0, 0.0 ],
                  "easingLeft" : 0.0,
                  "easingRight" : 1.0,
                  "easingType" : 13,
                  "end" : 0.0,
                  "endTime" : [ 1, 0, 1 ],
                  "linkgroup" : 0,
                  "start" : 0.0,
                  "startTime" : [ 0, 0, 1 ]
               }
            ]
         },
         "father" : -1,
         "isCover" : 1,
         "numOfNotes" : 0,
         "posControl" : [
            {
               "easing" : 1,
               "pos" : 1.0,
               "x" : 0.0
            },
            {
               "easing" : 1,
               "pos" : 1.0,
               "x" : 9999999.0
            }
         ],
         "sizeControl" : [
            {
               "easing" : 1,
               "size" : 1.0,
               "x" : 0.0
            },
            {
               "easing" : 1,
               "size" : 1.0,
               "x" : 9999999.0
            }
         ],
         "skewControl" : [
            {
               "easing" : 1,
               "skew" : 0.0,
               "x" : 0.0
            },
            {
               "easing" : 1,
               "skew" : 0.0,
               "x" : 9999999.0
            }
         ],
         "yControl" : [
            {
               "easing" : 1,
               "x" : 0.0,
               "y" : 1.0
            },
            {
               "easing" : 1,
               "x" : 9999999.0,
               "y" : 1.0
            }
         ],
         "zOrder" : 0
      },
      {
         "Group" : 0,
         "Name" : "Untitled",
         "Texture" : "line.png",
         "alphaControl" : [
            {
               "alpha" : 1.0,
               "easing" : 1,
               "x" : 0.0
            },
            {
               "alpha" : 1.0,
               "easing" : 1,
               "x" : 9999999.0
            }
         ],
         "bpmfactor" : 1.0,
         "eventLayers" : [
            {
               "alphaEvents" : [
                  {
                     "bezier" : 0,
                     "bezierPoints" : [ 0.0, 0.0, 0.0, 0.0 ],
                     "easingLeft" : 0.0,
                     "easingRight" : 1.0,
                     "easingType" : 1,
                     "end" : 0,
                     "endTime" : [ 1, 0, 1 ],
                     "linkgroup" : 0,
                     "start" : 0,
                     "startTime" : [ 0, 0, 1 ]
                  }
               ],
               "moveXEvents" : [
                  {
                     "bezier" : 0,
                     "bezierPoints" : [ 0.0, 0.0, 0.0, 0.0 ],
                     "easingLeft" : 0.0,
                     "easingRight" : 1.0,
                     "easingType" : 1,
                     "end" : 100.0,
                     "endTime" : [ 256, 0, 1 ],
                     "linkgroup" : 0,
                     "start" : 100.0,
                     "startTime" : [ 0, 0, 1 ]
                  },
                  {
                     "bezier" : 0,
                     "bezierPoints" : [ 0.0, 0.0, 0.0, 0.0 ],
                     "easingLeft" : 0.0,
                     "easingRight" : 1.0,
                     "easingType" : 1,
                     "end" : 0.0,
                     "endTime" : [ 15, 0, 1 ],
                     "linkgroup" : 0,
                     "start" : 0.0,
                     "startTime" : [ 14, 0, 1 ]
                  }
               ],
               "moveYEvents" : [
                  {
                     "bezier" : 0,
                     "bezierPoints" : [ 0.0, 0.0, 0.0, 0.0 ],
                     "easingLeft" : 0.0,
                     "easingRight" : 1.0,
                     "easingType" : 1,
                     "end" : -150.0,
                     "endTime" : [ 256, 0, 1 ],
                     "linkgroup" : 0,
                     "start" : -150.0,
                     "startTime" : [ 0, 0, 1 ]
                  },
                  {
                     "bezier" : 0,
                     "bezierPoints" : [ 0.0, 0.0, 0.0, 0.0 ],
                     "easingLeft" : 0.0,
                     "easingRight" : 1.0,
                     "easingType" : 1,
                     "end" : -300.0,
                     "endTime" : [ 15, 0, 1 ],
                     "linkgroup" : 0,
                     "start" : -300.0,
                     "startTime" : [ 14, 0, 1 ]
                  }
               ],
               "rotateEvents" : [
                  {
                     "bezier" : 0,
                     "bezierPoints" : [ 0.0, 0.0, 0.0, 0.0 ],
                     "easingLeft" : 0.0,
                     "easingRight" : 1.0,
                     "easingType" : 1,
                     "end" : 0.0,
                     "endTime" : [ 1, 0, 1 ],
                     "linkgroup" : 0,
                     "start" : 0.0,
                     "startTime" : [ 0, 0, 1 ]
                  },
                  {
                     "bezier" : 0,
                     "bezierPoints" : [ 0.0, 0.0, 0.0, 0.0 ],
                     "easingLeft" : 0.0,
                     "easingRight" : 1.0,
                     "easingType" : 1,
                     "end" : 30.0,
                     "endTime" : [ 15, 0, 1 ],
                     "linkgroup" : 0,
                     "start" : 0.0,
                     "startTime" : [ 14, 0, 1 ]
                  }
               ],
               "speedEvents" : [
                  {
                     "end" : 10.0,
                     "endTime" : [ 1, 0, 1 ],
                     "linkgroup" : 0,
                     "start" : 10.0,
                     "startTime" : [ 0, 0, 1 ]
                  }
               ]
            }
         ],
         "extended" : {
            "inclineEvents" : [
               {
                  "bezier" : 0,
                  "bezierPoints" : [ 0.0, 0.0, 0.0, 0.0 ],
                  "easingLeft" : 0.0,
                  "easingRight" : 1.0,
                  "easingType" : 14,
                  "end" : 0.0,
                  "endTime" : [ 1, 0, 1 ],
                  "linkgroup" : 0,
                  "start" : 0.0,
                  "startTime" : [ 0, 0, 1 ]
               }
            ]
         },
         "father" : -1,
         "isCover" : 1,
         "numOfNotes" : 0,
         "posControl" : [
            {
               "easing" : 1,
               "pos" : 1.0,
               "x" : 0.0
            },
            {
               "easing" : 1,
               "pos" : 1.0,
               "x" : 9999999.0
            }
         ],
         "sizeControl" : [
            {
               "easing" : 1,
               "size" : 1.0,
               "x" : 0.0
            },
            {
               "easing" : 1,
               "size" : 1.0,
               "x" : 9999999.0
            }
         ],
         "skewControl" : [
            {
               "easing" : 1,
               "skew" : 0.0,
               "x" : 0.0
            },
            {
               "easing" : 1,
               "skew" : 0.0,
               "x" : 9999999.0
            }
         ],
         "yControl" : [
            {
               "easing" : 1,
               "x" : 0.0,
               "y" : 1.0
            },
            {
               "easing" : 1,
               "x" : 9999999.0,
               "y" : 1.0
            }
         ],
         "zOrder" : 0
      }
   ],
   "multiLineString" : "",
   "multiScale" : 1.0
}
