{
   "BPMList" : [
      {
         "bpm" : 50.0,
         "startTime" : [ 0, 0, 1 ]
      }
   ],
   "META" : {
      "RPEVersion" : 140,
      "background" : "94108053.jpg",
      "charter" : "路暖",
      "composer" : "橘子海",
      "id" : "94108053",
      "level" : "0",
      "name" : "夏日漱石",
      "offset" : 0,
      "song" : "94108053.mp3"
   },
   "judgeLineGroup" : [ "Default" ],
   "judgeLineList" : [
      {
         "Group" : 0,
         "Name" : "Untitled",
         "Texture" : "line.png",
         "alphaControl" : [
            {
               "alpha" : 1.0,
               "easing" : 1,
               "x" : 0.0
            },
            {
               "alpha" : 1.0,
               "easing" : 1,
               "x" : 9999999.0
            }
         ],
         "bpmfactor" : 1.0,
         "eventLayers" : [
            {
               "alphaEvents" : [
                  {
                     "bezier" : 0,
                     "bezierPoints" : [ 0.0, 0.0, 0.0, 0.0 ],
                     "easingLeft" : 0.0,
                     "easingRight" : 1.0,
                     "easingType" : 1,
                     "end" : 200,
                     "endTime" : [ 1, 0, 1 ],
                     "linkgroup" : 0,
                     "start" : 200,
                     "startTime" : [ 0, 0, 1 ]
                  }
               ],
               "moveXEvents" : [
                  {
                     "bezier" : 0,
                     "bezierPoints" : [ 0.0, 0.0, 0.0, 0.0 ],
                     "easingLeft" : 0.0,
                     "easingRight" : 1.0,
                     "easingType" : 1,
                     "end" : 0.0,
                     "endTime" : [ 1, 0, 1 ],
                     "linkgroup" : 0,
                     "start" : 0.0,
                     "startTime" : [ 0, 0, 1 ]
                  }
               ],
               "moveYEvents" : [
                  {
                     "bezier" : 0,
                     "bezierPoints" : [ 0.0, 0.0, 0.0, 0.0 ],
                     "easingLeft" : 0.0,
                     "easingRight" : 1.0,
                     "easingType" : 1,
                     "end" : -300.0,
                     "endTime" : [ 1, 0, 1 ],
                     "linkgroup" : 0,
                     "start" : -500.0,
                     "startTime" : [ 0, 0, 1 ]
                  }
               ],
               "rotateEvents" : [
                  {
                     "bezier" : 0,
                     "bezierPoints" : [ 0.0, 0.0, 0.0, 0.0 ],
                     "easingLeft" : 0.0,
                     "easingRight" : 1.0,
                     "easingType" : 1,
                     "end" : 0.0,
                     "endTime" : [ 1, 0, 1 ],
                     "linkgroup" : 0,
                     "start" : 0.0,
                     "startTime" : [ 0, 0, 1 ]
                  }
               ],
               "speedEvents" : [
                  {
                     "end" : 10.0,
                     "endTime" : [ 1, 0, 1 ],
                     "linkgroup" : 0,
                     "start" : 10.0,
                     "startTime" : [ 0, 0, 1 ]
                  }
               ]
            }
         ],
         "extended" : {
            "inclineEvents" : [
               {
                  "bezier" : 0,
                  "bezierPoints" : [ 0.0, 0.0, 0.0, 0.0 ],
                  "easingLeft" : 0.0,
                  "easingRight" : 1.0,
                  "easingType" : 0,
                  "end" : 0.0,
                  "endTime" : [ 1, 0, 1 ],
                  "linkgroup" : 0,
                  "start" : 0.0,
                  "startTime" : [ 0, 0, 1 ]
               }
            ]
         },
         "father" : -1,
         "isCover" : 1,
         "notes" : [
            {
               "above" : 1,
               "alpha" : 255,
               "endTime" : [ 3, 0, 1 ],
               "isFake" : 0,
               "positionX" : -375.0,
               "size" : 1.0,
               "speed" : 1.0,
               "startTime" : [ 3, 0, 1 ],
               "type" : 1,
               "visibleTime" : 999999.0,
               "yOffset" : 0.0
            },
            {
               "above" : 1,
               "alpha" : 255,
               "endTime" : [ 3, 0, 1 ],
               "isFake" : 0,
               "positionX" : -75.0,
               "size" : 1.0,
               "speed" : 1.0,
               "startTime" : [ 3, 0, 1 ],
               "type" : 1,
               "visibleTime" : 999999.0,
               "yOffset" : 0.0
            },
            {
               "above" : 1,
               "alpha" : 255,
               "endTime" : [ 3, 1, 4 ],
               "isFake" : 0,
               "positionX" : -75.0,
               "size" : 1.0,
               "speed" : 1.0,
               "startTime" : [ 3, 1, 4 ],
               "type" : 1,
               "visibleTime" : 999999.0,
               "yOffset" : 0.0
            },
            {
               "above" : 1,
               "alpha" : 255,
               "endTime" : [ 3, 1, 4 ],
               "isFake" : 0,
               "positionX" : 225.0,
               "size" : 1.0,
               "speed" : 1.0,
               "startTime" : [ 3, 1, 4 ],
               "type" : 1,
               "visibleTime" : 999999.0,
               "yOffset" : 0.0
            },
            {
               "above" : 1,
               "alpha" : 255,
               "endTime" : [ 3, 1, 2 ],
               "isFake" : 0,
               "positionX" : 225.0,
               "size" : 1.0,
               "speed" : 1.0,
               "startTime" : [ 3, 1, 2 ],
               "type" : 1,
               "visibleTime" : 999999.0,
               "yOffset" : 0.0
            },
            {
               "above" : 1,
               "alpha" : 255,
               "endTime" : [ 3, 1, 2 ],
               "isFake" : 0,
               "positionX" : 525.0,
               "size" : 1.0,
               "speed" : 1.0,
               "startTime" : [ 3, 1, 2 ],
               "type" : 1,
               "visibleTime" : 999999.0,
               "yOffset" : 0.0
            },
            {
               "above" : 1,
               "alpha" : 255,
               "endTime" : [ 3, 3, 4 ],
               "isFake" : 0,
               "positionX" : 225.0,
               "size" : 1.0,
               "speed" : 1.0,
               "startTime" : [ 3, 3, 4 ],
               "type" : 3,
               "visibleTime" : 999999.0,
               "yOffset" : 0.0
            },
            {
               "above" : 1,
               "alpha" : 255,
               "endTime" : [ 3, 3, 4 ],
               "isFake" : 0,
               "positionX" : 525.0,
               "size" : 1.0,
               "speed" : 1.0,
               "startTime" : [ 3, 3, 4 ],
               "type" : 3,
               "visibleTime" : 999999.0,
               "yOffset" : 0.0
            },
            {
               "above" : 1,
               "alpha" : 255,
               "endTime" : [ 4, 0, 1 ],
               "isFake" : 0,
               "positionX" : -225.0,
               "size" : 1.0,
               "speed" : 1.0,
               "startTime" : [ 4, 0, 1 ],
               "type" : 1,
               "visibleTime" : 999999.0,
               "yOffset" : 0.0
            },
            {
               "above" : 1,
               "alpha" : 255,
               "endTime" : [ 4, 0, 1 ],
               "isFake" : 0,
               "positionX" : 225.0,
               "size" : 1.0,
               "speed" : 1.0,
               "startTime" : [ 4, 0, 1 ],
               "type" : 1,
               "visibleTime" : 999999.0,
               "yOffset" : 0.0
            },
            {
               "above" : 1,
               "alpha" : 255,
               "endTime" : [ 5, 0, 1 ],
               "isFake" : 0,
               "positionX" : -225.0,
               "size" : 1.0,
               "speed" : 1.0,
               "startTime" : [ 5, 0, 1 ],
               "type" : 1,
               "visibleTime" : 999999.0,
               "yOffset" : 0.0
            },
            {
               "above" : 1,
               "alpha" : 255,
               "endTime" : [ 5, 0, 1 ],
               "isFake" : 0,
               "positionX" : 225.0,
               "size" : 1.0,
               "speed" : 1.0,
               "startTime" : [ 5, 0, 1 ],
               "type" : 1,
               "visibleTime" : 999999.0,
               "yOffset" : 0.0
            },
            {
               "above" : 1,
               "alpha" : 255,
               "endTime" : [ 6, 0, 1 ],
               "isFake" : 0,
               "positionX" : -225.0,
               "size" : 1.0,
               "speed" : 1.0,
               "startTime" : [ 6, 0, 1 ],
               "type" : 1,
               "visibleTime" : 999999.0,
               "yOffset" : 0.0
            },
            {
               "above" : 1,
               "alpha" : 255,
               "endTime" : [ 6, 0, 1 ],
               "isFake" : 0,
               "positionX" : 225.0,
               "size" : 1.0,
               "speed" : 1.0,
               "startTime" : [ 6, 0, 1 ],
               "type" : 1,
               "visibleTime" : 999999.0,
               "yOffset" : 0.0
            },
            {
               "above" : 1,
               "alpha" : 255,
               "endTime" : [ 7, 0, 1 ],
               "isFake" : 0,
               "positionX" : 75.0,
               "size" : 1.0,
               "speed" : 1.0,
               "startTime" : [ 7, 0, 1 ],
               "type" : 1,
               "visibleTime" : 999999.0,
               "yOffset" : 0.0
            },
            {
               "above" : 1,
               "alpha" : 255,
               "endTime" : [ 7, 0, 1 ],
               "isFake" : 0,
               "positionX" : 375.0,
               "size" : 1.0,
               "speed" : 1.0,
               "startTime" : [ 7, 0, 1 ],
               "type" : 1,
               "visibleTime" : 999999.0,
               "yOffset" : 0.0
            },
            {
               "above" : 1,
               "alpha" : 255,
               "endTime" : [ 7, 1, 4 ],
               "isFake" : 0,
               "positionX" : 75.0,
               "size" : 1.0,
               "speed" : 1.0,
               "startTime" : [ 7, 1, 4 ],
               "type" : 1,
               "visibleTime" : 999999.0,
               "yOffset" : 0.0
            },
            {
               "above" : 1,
               "alpha" : 255,
               "endTime" : [ 7, 1, 4 ],
               "isFake" : 0,
               "positionX" : -225.0,
               "size" : 1.0,
               "speed" : 1.0,
               "startTime" : [ 7, 1, 4 ],
               "type" : 1,
               "visibleTime" : 999999.0,
               "yOffset" : 0.0
            },
            {
               "above" : 1,
               "alpha" : 255,
               "endTime" : [ 7, 1, 2 ],
               "isFake" : 0,
               "positionX" : -225.0,
               "size" : 1.0,
               "speed" : 1.0,
               "startTime" : [ 7, 1, 2 ],
               "type" : 1,
               "visibleTime" : 999999.0,
               "yOffset" : 0.0
            },
            {
               "above" : 1,
               "alpha" : 255,
               "endTime" : [ 7, 1, 2 ],
               "isFake" : 0,
               "positionX" : -525.0,
               "size" : 1.0,
               "speed" : 1.0,
               "startTime" : [ 7, 1, 2 ],
               "type" : 1,
               "visibleTime" : 999999.0,
               "yOffset" : 0.0
            },
            {
               "above" : 1,
               "alpha" : 255,
               "endTime" : [ 7, 3, 4 ],
               "isFake" : 0,
               "positionX" : -525.0,
               "size" : 1.0,
               "speed" : 1.0,
               "startTime" : [ 7, 3, 4 ],
               "type" : 3,
               "visibleTime" : 999999.0,
               "yOffset" : 0.0
            },
            {
               "above" : 1,
               "alpha" : 255,
               "endTime" : [ 7, 3, 4 ],
               "isFake" : 0,
               "positionX" : -225.0,
               "size" : 1.0,
               "speed" : 1.0,
               "startTime" : [ 7, 3, 4 ],
               "type" : 3,
               "visibleTime" : 999999.0,
               "yOffset" : 0.0
            },
            {
               "above" : 1,
               "alpha" : 255,
               "endTime" : [ 8, 0, 1 ],
               "isFake" : 0,
               "positionX" : -525.0,
               "size" : 1.0,
               "speed" : 1.0,
               "startTime" : [ 8, 0, 1 ],
               "type" : 1,
               "visibleTime" : 999999.0,
               "yOffset" : 0.0
            },
            {
               "above" : 1,
               "alpha" : 255,
               "endTime" : [ 9, 0, 1 ],
               "isFake" : 0,
               "positionX" : -225.0,
               "size" : 1.0,
               "speed" : 1.0,
               "startTime" : [ 9, 0, 1 ],
               "type" : 1,
               "visibleTime" : 999999.0,
               "yOffset" : 0.0
            },
            {
               "above" : 1,
               "alpha" : 255,
               "endTime" : [ 10, 0, 1 ],
               "isFake" : 0,
               "positionX" : 75.0,
               "size" : 1.0,
               "speed" : 1.0,
               "startTime" : [ 10, 0, 1 ],
               "type" : 1,
               "visibleTime" : 999999.0,
               "yOffset" : 0.0
            },
            {
               "above" : 1,
               "alpha" : 255,
               "endTime" : [ 11, 0, 1 ],
               "isFake" : 0,
               "positionX" : 375.0,
               "size" : 1.0,
               "speed" : 1.0,
               "startTime" : [ 11, 0, 1 ],
               "type" : 1,
               "visibleTime" : 999999.0,
               "yOffset" : 0.0
            },
            {
               "above" : 1,
               "alpha" : 255,
               "endTime" : [ 11, 3, 4 ],
               "isFake" : 0,
               "positionX" : 525.0,
               "size" : 1.0,
               "speed" : 1.0,
               "startTime" : [ 11, 3, 4 ],
               "type" : 1,
               "visibleTime" : 999999.0,
               "yOffset" : 0.0
            },
            {
               "above" : 1,
               "alpha" : 255,
               "endTime" : [ 11, 3, 4 ],
               "isFake" : 0,
               "positionX" : 225.0,
               "size" : 1.0,
               "speed" : 1.0,
               "startTime" : [ 11, 3, 4 ],
               "type" : 1,
               "visibleTime" : 999999.0,
               "yOffset" : 0.0
            },
            {
               "above" : 1,
               "alpha" : 255,
               "endTime" : [ 12, 3, 4 ],
               "isFake" : 0,
               "positionX" : -225.0,
               "size" : 1.0,
               "speed" : 1.0,
               "startTime" : [ 12, 3, 4 ],
               "type" : 1,
               "visibleTime" : 999999.0,
               "yOffset" : 0.0
            },
            {
               "above" : 1,
               "alpha" : 255,
               "endTime" : [ 12, 3, 4 ],
               "isFake" : 0,
               "positionX" : -525.0,
               "size" : 1.0,
               "speed" : 1.0,
               "startTime" : [ 12, 3, 4 ],
               "type" : 1,
               "visibleTime" : 999999.0,
               "yOffset" : 0.0
            },
            {
               "above" : 1,
               "alpha" : 255,
               "endTime" : [ 13, 3, 4 ],
               "isFake" : 0,
               "positionX" : 225.0,
               "size" : 1.0,
               "speed" : 1.0,
               "startTime" : [ 13, 3, 4 ],
               "type" : 1,
               "visibleTime" : 999999.0,
               "yOffset" : 0.0
            },
            {
               "above" : 1,
               "alpha" : 255,
               "endTime" : [ 13, 3, 4 ],
               "isFake" : 0,
               "positionX" : -225.0,
               "size" : 1.0,
               "speed" : 1.0,
               "startTime" : [ 13, 3, 4 ],
               "type" : 1,
               "visibleTime" : 999999.0,
               "yOffset" : 0.0
            },
            {
               "above" : 1,
               "alpha" : 255,
               "endTime" : [ 16, 0, 1 ],
               "isFake" : 0,
               "positionX" : -375.0,
               "size" : 1.0,
               "speed" : 1.0,
               "startTime" : [ 16, 0, 1 ],
               "type" : 1,
               "visibleTime" : 999999.0,
               "yOffset" : 0.0
            },
            {
               "above" : 1,
               "alpha" : 255,
               "endTime" : [ 16, 0, 1 ],
               "isFake" : 0,
               "positionX" : -225.0,
               "size" : 1.0,
               "speed" : 1.0,
               "startTime" : [ 16, 0, 1 ],
               "type" : 1,
               "visibleTime" : 999999.0,
               "yOffset" : 200.0
            },
            {
               "above" : 1,
               "alpha" : 255,
               "endTime" : [ 16, 1, 4 ],
               "isFake" : 0,
               "positionX" : -75.0,
               "size" : 1.0,
               "speed" : 1.0,
               "startTime" : [ 16, 1, 4 ],
               "type" : 1,
               "visibleTime" : 999999.0,
               "yOffset" : 0.0
            },
            {
               "above" : 1,
               "alpha" : 255,
               "endTime" : [ 16, 1, 4 ],
               "isFake" : 0,
               "positionX" : 75.0,
               "size" : 1.0,
               "speed" : 1.0,
               "startTime" : [ 16, 1, 4 ],
               "type" : 1,
               "visibleTime" : 999999.0,
               "yOffset" : 200.0
            },
            {
               "above" : 1,
               "alpha" : 255,
               "endTime" : [ 16, 1, 2 ],
               "isFake" : 0,
               "positionX" : 225.0,
               "size" : 1.0,
               "speed" : 1.0,
               "startTime" : [ 16, 1, 2 ],
               "type" : 1,
               "visibleTime" : 999999.0,
               "yOffset" : 0.0
            }
         ],
         "numOfNotes" : 37,
         "posControl" : [
            {
               "easing" : 1,
               "pos" : 1.0,
               "x" : 0.0
            },
            {
               "easing" : 1,
               "pos" : 1.0,
               "x" : 9999999.0
            }
         ],
         "sizeControl" : [
            {
               "easing" : 1,
               "size" : 1.0,
               "x" : 0.0
            },
            {
               "easing" : 1,
               "size" : 1.0,
               "x" : 9999999.0
            }
         ],
         "skewControl" : [
            {
               "easing" : 1,
               "skew" : 0.0,
               "x" : 0.0
            },
            {
               "easing" : 1,
               "skew" : 0.0,
               "x" : 9999999.0
            }
         ],
         "yControl" : [
            {
               "easing" : 1,
               "x" : 0.0,
               "y" : 1.0
            },
            {
               "easing" : 1,
               "x" : 9999999.0,
               "y" : 1.0
            }
         ],
         "zOrder" : 0
      },
      {
         "Group" : 0,
         "Name" : "Untitled",
         "Texture" : "line.png",
         "alphaControl" : [
            {
               "alpha" : 1.0,
               "easing" : 1,
               "x" : 0.0
            },
            {
               "alpha" : 1.0,
               "easing" : 1,
               "x" : 9999999.0
            }
         ],
         "bpmfactor" : 1.0,
         "eventLayers" : [
            {
               "alphaEvents" : [
                  {
                     "bezier" : 0,
                     "bezierPoints" : [ 0.0, 0.0, 0.0, 0.0 ],
                     "easingLeft" : 0.0,
                     "easingRight" : 1.0,
                     "easingType" : 1,
                     "end" : 0,
                     "endTime" : [ 1, 0, 1 ],
                     "linkgroup" : 0,
                     "start" : 0,
                     "startTime" : [ 0, 0, 1 ]
                  }
               ],
               "moveXEvents" : [
                  {
                     "bezier" : 0,
                     "bezierPoints" : [ 0.0, 0.0, 0.0, 0.0 ],
                     "easingLeft" : 0.0,
                     "easingRight" : 1.0,
                     "easingType" : 1,
                     "end" : 0.0,
                     "endTime" : [ 1, 0, 1 ],
                     "linkgroup" : 0,
                     "start" : 0.0,
                     "startTime" : [ 0, 0, 1 ]
                  }
               ],
               "moveYEvents" : [
                  {
                     "bezier" : 0,
                     "bezierPoints" : [ 0.0, 0.0, 0.0, 0.0 ],
                     "easingLeft" : 0.0,
                     "easingRight" : 1.0,
                     "easingType" : 1,
                     "end" : 0.0,
                     "endTime" : [ 1, 0, 1 ],
                     "linkgroup" : 0,
                     "start" : 0.0,
                     "startTime" : [ 0, 0, 1 ]
                  }
               ],
               "rotateEvents" : [
                  {
                     "bezier" : 0,
                     "bezierPoints" : [ 0.0, 0.0, 0.0, 0.0 ],
                     "easingLeft" : 0.0,
                     "easingRight" : 1.0,
                     "easingType" : 1,
                     "end" : 0.0,
                     "endTime" : [ 1, 0, 1 ],
                     "linkgroup" : 0,
                     "start" : 0.0,
                     "startTime" : [ 0, 0, 1 ]
                  }
               ],
               "speedEvents" : [
                  {
                     "end" : 10.0,
                     "endTime" : [ 1, 0, 1 ],
                     "linkgroup" : 0,
                     "start" : 10.0,
                     "startTime" : [ 0, 0, 1 ]
                  }
               ]
            }
         ],
         "extended" : {
            "inclineEvents" : [
               {
                  "bezier" : 0,
                  "bezierPoints" : [ 0.0, 0.0, 0.0, 0.0 ],
                  "easingLeft" : 0.0,
                  "easingRight" : 1.0,
                  "easingType" : 1,
                  "end" : 0.0,
                  "endTime" : [ 1, 0, 1 ],
                  "linkgroup" : 0,
                  "start" : 0.0,
                  "startTime" : [ 0, 0, 1 ]
               }
            ]
         },
         "father" : -1,
         "isCover" : 1,
         "numOfNotes" : 0,
         "posControl" : [
            {
               "easing" : 1,
               "pos" : 1.0,
               "x" : 0.0
            },
            {
               "easing" : 1,
               "pos" : 1.0,
               "x" : 9999999.0
            }
         ],
         "sizeControl" : [
            {
               "easing" : 1,
               "size" : 1.0,
               "x" : 0.0
            },
            {
               "easing" : 1,
               "size" : 1.0,
               "x" : 9999999.0
            }
         ],
         "skewControl" : [
            {
               "easing" : 1,
               "skew" : 0.0,
               "x" : 0.0
            },
            {
               "easing" : 1,
               "skew" : 0.0,
               "x" : 9999999.0
            }
         ],
         "yControl" : [
            {
               "easing" : 1,
               "x" : 0.0,
               "y" : 1.0
            },
            {
               "easing" : 1,
               "x" : 9999999.0,
               "y" : 1.0
            }
         ],
         "zOrder" : 0
      },
      {
         "Group" : 0,
         "Name" : "Untitled",
         "Texture" : "line.png",
         "alphaControl" : [
            {
               "alpha" : 1.0,
               "easing" : 1,
               "x" : 0.0
            },
            {
               "alpha" : 1.0,
               "easing" : 1,
               "x" : 9999999.0
            }
         ],
         "bpmfactor" : 1.0,
         "eventLayers" : [
            {
               "alphaEvents" : [
                  {
                     "bezier" : 0,
                     "bezierPoints" : [ 0.0, 0.0, 0.0, 0.0 ],
                     "easingLeft" : 0.0,
                     "easingRight" : 1.0,
                     "easingType" : 1,
                     "end" : 0,
                     "endTime" : [ 1, 0, 1 ],
                     "linkgroup" : 0,
                     "start" : 0,
                     "startTime" : [ 0, 0, 1 ]
                  }
               ],
               "moveXEvents" : [
                  {
                     "bezier" : 0,
                     "bezierPoints" : [ 0.0, 0.0, 0.0, 0.0 ],
                     "easingLeft" : 0.0,
                     "easingRight" : 1.0,
                     "easingType" : 1,
                     "end" : 0.0,
                     "endTime" : [ 1, 0, 1 ],
                     "linkgroup" : 0,
                     "start" : 0.0,
                     "startTime" : [ 0, 0, 1 ]
                  }
               ],
               "moveYEvents" : [
                  {
                     "bezier" : 0,
                     "bezierPoints" : [ 0.0, 0.0, 0.0, 0.0 ],
                     "easingLeft" : 0.0,
                     "easingRight" : 1.0,
                     "easingType" : 1,
                     "end" : 0.0,
                     "endTime" : [ 1, 0, 1 ],
                     "linkgroup" : 0,
                     "start" : 0.0,
                     "startTime" : [ 0, 0, 1 ]
                  }
               ],
               "rotateEvents" : [
                  {
                     "bezier" : 0,
                     "bezierPoints" : [ 0.0, 0.0, 0.0, 0.0 ],
                     "easingLeft" : 0.0,
                     "easingRight" : 1.0,
                     "easingType" : 1,
                     "end" : 0.0,
                     "endTime" : [ 1, 0, 1 ],
                     "linkgroup" : 0,
                     "start" : 0.0,
                     "startTime" : [ 0, 0, 1 ]
                  }
               ],
               "speedEvents" : [
                  {
                     "end" : 10.0,
                     "endTime" : [ 1, 0, 1 ],
                     "linkgroup" : 0,
                     "start" : 10.0,
                     "startTime" : [ 0, 0, 1 ]
                  }
               ]
            }
         ],
         "extended" : {
            "inclineEvents" : [
               {
                  "bezier" : 0,
                  "bezierPoints" : [ 0.0, 0.0, 0.0, 0.0 ],
                  "easingLeft" : 0.0,
                  "easingRight" : 1.0,
                  "easingType" : 2,
                  "end" : 0.0,
                  "endTime" : [ 1, 0, 1 ],
                  "linkgroup" : 0,
                  "start" : 0.0,
                  "startTime" : [ 0, 0, 1 ]
               }
            ]
         },
         "father" : -1,
         "isCover" : 1,
         "numOfNotes" : 0,
         "posControl" : [
            {
               "easing" : 1,
               "pos" : 1.0,
               "x" : 0.0
            },
            {
               "easing" : 1,
               "pos" : 1.0,
               "x" : 9999999.0
            }
         ],
         "sizeControl" : [
            {
               "easing" : 1,
               "size" : 1.0,
               "x" : 0.0
            },
            {
               "easing" : 1,
               "size" : 1.0,
               "x" : 9999999.0
            }
         ],
         "skewControl" : [
            {
               "easing" : 1,
               "skew" : 0.0,
               "x" : 0.0
            },
            {
               "easing" : 1,
               "skew" : 0.0,
               "x" : 9999999.0
            }
         ],
         "yControl" : [
            {
               "easing" : 1,
               "x" : 0.0,
               "y" : 1.0
            },
            {
               "easing" : 1,
               "x" : 9999999.0,
               "y" : 1.0
            }
         ],
         "zOrder" : 0
      },
      {
         "Group" : 0,
         "Name" : "Untitled",
         "Texture" : "line.png",
         "alphaControl" : [
            {
               "alpha" : 1.0,
               "easing" : 1,
               "x" : 0.0
            },
            {
               "alpha" : 1.0,
               "easing" : 1,
               "x" : 9999999.0
            }
         ],
         "bpmfactor" : 1.0,
         "eventLayers" : [
            {
               "alphaEvents" : [
                  {
                     "bezier" : 0,
                     "bezierPoints" : [ 0.0, 0.0, 0.0, 0.0 ],
                     "easingLeft" : 0.0,
                     "easingRight" : 1.0,
                     "easingType" : 1,
                     "end" : 0,
                     "endTime" : [ 1, 0, 1 ],
                     "linkgroup" : 0,
                     "start" : 0,
                     "startTime" : [ 0, 0, 1 ]
                  }
               ],
               "moveXEvents" : [
                  {
                     "bezier" : 0,
                     "bezierPoints" : [ 0.0, 0.0, 0.0, 0.0 ],
                     "easingLeft" : 0.0,
                     "easingRight" : 1.0,
                     "easingType" : 1,
                     "end" : 0.0,
                     "endTime" : [ 1, 0, 1 ],
                     "linkgroup" : 0,
                     "start" : 0.0,
                     "startTime" : [ 0, 0, 1 ]
                  }
               ],
               "moveYEvents" : [
                  {
                     "bezier" : 0,
                     "bezierPoints" : [ 0.0, 0.0, 0.0, 0.0 ],
                     "easingLeft" : 0.0,
                     "easingRight" : 1.0,
                     "easingType" : 1,
                     "end" : 0.0,
                     "endTime" : [ 1, 0, 1 ],
                     "linkgroup" : 0,
                     "start" : 0.0,
                     "startTime" : [ 0, 0, 1 ]
                  }
               ],
               "rotateEvents" : [
                  {
                     "bezier" : 0,
                     "bezierPoints" : [ 0.0, 0.0, 0.0, 0.0 ],
                     "easingLeft" : 0.0,
                     "easingRight" : 1.0,
                     "easingType" : 1,
                     "end" : 0.0,
                     "endTime" : [ 1, 0, 1 ],
                     "linkgroup" : 0,
                     "start" : 0.0,
                     "startTime" : [ 0, 0, 1 ]
                  }
               ],
               "speedEvents" : [
                  {
                     "end" : 10.0,
                     "endTime" : [ 1, 0, 1 ],
                     "linkgroup" : 0,
                     "start" : 10.0,
                     "startTime" : [ 0, 0, 1 ]
                  }
               ]
            }
         ],
         "extended" : {
            "inclineEvents" : [
               {
                  "bezier" : 0,
                  "bezierPoints" : [ 0.0, 0.0, 0.0, 0.0 ],
                  "easingLeft" : 0.0,
                  "easingRight" : 1.0,
                  "easingType" : 3,
                  "end" : 0.0,
                  "endTime" : [ 1, 0, 1 ],
                  "linkgroup" : 0,
                  "start" : 0.0,
                  "startTime" : [ 0, 0, 1 ]
               }
            ]
         },
         "father" : -1,
         "isCover" : 1,
         "numOfNotes" : 0,
         "posControl" : [
            {
               "easing" : 1,
               "pos" : 1.0,
               "x" : 0.0
            },
            {
               "easing" : 1,
               "pos" : 1.0,
               "x" : 9999999.0
            }
         ],
         "sizeControl" : [
            {
               "easing" : 1,
               "size" : 1.0,
               "x" : 0.0
            },
            {
               "easing" : 1,
               "size" : 1.0,
               "x" : 9999999.0
            }
         ],
         "skewControl" : [
            {
               "easing" : 1,
               "skew" : 0.0,
               "x" : 0.0
            },
            {
               "easing" : 1,
               "skew" : 0.0,
               "x" : 9999999.0
            }
         ],
         "yControl" : [
            {
               "easing" : 1,
               "x" : 0.0,
               "y" : 1.0
            },
            {
               "easing" : 1,
               "x" : 9999999.0,
               "y" : 1.0
            }
         ],
         "zOrder" : 0
      },
      {
         "Group" : 0,
         "Name" : "Untitled",
         "Texture" : "line.png",
         "alphaControl" : [
            {
               "alpha" : 1.0,
               "easing" : 1,
               "x" : 0.0
            },
            {
               "alpha" : 1.0,
               "easing" : 1,
               "x" : 9999999.0
            }
         ],
         "bpmfactor" : 1.0,
         "eventLayers" : [
            {
               "alphaEvents" : [
                  {
                     "bezier" : 0,
                     "bezierPoints" : [ 0.0, 0.0, 0.0, 0.0 ],
                     "easingLeft" : 0.0,
                     "easingRight" : 1.0,
                     "easingType" : 1,
                     "end" : 0,
                     "endTime" : [ 1, 0, 1 ],
                     "linkgroup" : 0,
                     "start" : 0,
                     "startTime" : [ 0, 0, 1 ]
                  }
               ],
               "moveXEvents" : [
                  {
                     "bezier" : 0,
                     "bezierPoints" : [ 0.0, 0.0, 0.0, 0.0 ],
                     "easingLeft" : 0.0,
                     "easingRight" : 1.0,
                     "easingType" : 1,
                     "end" : 0.0,
                     "endTime" : [ 1, 0, 1 ],
                     "linkgroup" : 0,
                     "start" : 0.0,
                     "startTime" : [ 0, 0, 1 ]
                  }
               ],
               "moveYEvents" : [
                  {
                     "bezier" : 0,
                     "bezierPoints" : [ 0.0, 0.0, 0.0, 0.0 ],
                     "easingLeft" : 0.0,
                     "easingRight" : 1.0,
                     "easingType" : 1,
                     "end" : 0.0,
                     "endTime" : [ 1, 0, 1 ],
                     "linkgroup" : 0,
                     "start" : 0.0,
                     "startTime" : [ 0, 0, 1 ]
                  }
               ],
               "rotateEvents" : [
                  {
                     "bezier" : 0,
                     "bezierPoints" : [ 0.0, 0.0, 0.0, 0.0 ],
                     "easingLeft" : 0.0,
                     "easingRight" : 1.0,
                     "easingType" : 1,
                     "end" : 0.0,
                     "endTime" : [ 1, 0, 1 ],
                     "linkgroup" : 0,
                     "start" : 0.0,
                     "startTime" : [ 0, 0, 1 ]
                  }
               ],
               "speedEvents" : [
                  {
                     "end" : 10.0,
                     "endTime" : [ 1, 0, 1 ],
                     "linkgroup" : 0,
                     "start" : 10.0,
                     "startTime" : [ 0, 0, 1 ]
                  }
               ]
            }
         ],
         "extended" : {
            "inclineEvents" : [
               {
                  "bezier" : 0,
                  "bezierPoints" : [ 0.0, 0.0, 0.0, 0.0 ],
                  "easingLeft" : 0.0,
                  "easingRight" : 1.0,
                  "easingType" : 4,
                  "end" : 0.0,
                  "endTime" : [ 1, 0, 1 ],
                  "linkgroup" : 0,
                  "start" : 0.0,
                  "startTime" : [ 0, 0, 1 ]
               }
            ]
         },
         "father" : -1,
         "isCover" : 1,
         "numOfNotes" : 0,
         "posControl" : [
            {
               "easing" : 1,
               "pos" : 1.0,
               "x" : 0.0
            },
            {
               "easing" : 1,
               "pos" : 1.0,
               "x" : 9999999.0
            }
         ],
         "sizeControl" : [
            {
               "easing" : 1,
               "size" : 1.0,
               "x" : 0.0
            },
            {
               "easing" : 1,
               "size" : 1.0,
               "x" : 9999999.0
            }
         ],
         "skewControl" : [
            {
               "easing" : 1,
               "skew" : 0.0,
               "x" : 0.0
            },
            {
               "easing" : 1,
               "skew" : 0.0,
               "x" : 9999999.0
            }
         ],
         "yControl" : [
            {
               "easing" : 1,
               "x" : 0.0,
               "y" : 1.0
            },
            {
               "easing" : 1,
               "x" : 9999999.0,
               "y" : 1.0
            }
         ],
         "zOrder" : 0
      },
      {
         "Group" : 0,
         "Name" : "Untitled",
         "Texture" : "line.png",
         "alphaControl" : [
            {
               "alpha" : 1.0,
               "easing" : 1,
               "x" : 0.0
            },
            {
               "alpha" : 1.0,
               "easing" : 1,
               "x" : 9999999.0
            }
         ],
         "bpmfactor" : 1.0,
         "eventLayers" : [
            {
               "alphaEvents" : [
                  {
                     "bezier" : 0,
                     "bezierPoints" : [ 0.0, 0.0, 0.0, 0.0 ],
                     "easingLeft" : 0.0,
                     "easingRight" : 1.0,
                     "easingType" : 1,
                     "end" : 0,
                     "endTime" : [ 1, 0, 1 ],
                     "linkgroup" : 0,
                     "start" : 0,
                     "startTime" : [ 0, 0, 1 ]
                  }
               ],
               "moveXEvents" : [
                  {
                     "bezier" : 0,
                     "bezierPoints" : [ 0.0, 0.0, 0.0, 0.0 ],
                     "easingLeft" : 0.0,
                     "easingRight" : 1.0,
                     "easingType" : 1,
                     "end" : 0.0,
                     "endTime" : [ 1, 0, 1 ],
                     "linkgroup" : 0,
                     "start" : 0.0,
                     "startTime" : [ 0, 0, 1 ]
                  }
               ],
               "moveYEvents" : [
                  {
                     "bezier" : 0,
                     "bezierPoints" : [ 0.0, 0.0, 0.0, 0.0 ],
                     "easingLeft" : 0.0,
                     "easingRight" : 1.0,
                     "easingType" : 1,
                     "end" : 0.0,
                     "endTime" : [ 1, 0, 1 ],
                     "linkgroup" : 0,
                     "start" : 0.0,
                     "startTime" : [ 0, 0, 1 ]
                  }
               ],
               "rotateEvents" : [
                  {
                     "bezier" : 0,
                     "bezierPoints" : [ 0.0, 0.0, 0.0, 0.0 ],
                     "easingLeft" : 0.0,
                     "easingRight" : 1.0,
                     "easingType" : 1,
                     "end" : 0.0,
                     "endTime" : [ 1, 0, 1 ],
                     "linkgroup" : 0,
                     "start" : 0.0,
                     "startTime" : [ 0, 0, 1 ]
                  }
               ],
               "speedEvents" : [
                  {
                     "end" : 10.0,
                     "endTime" : [ 1, 0, 1 ],
                     "linkgroup" : 0,
                     "start" : 10.0,
                     "startTime" : [ 0, 0, 1 ]
                  }
               ]
            }
         ],
         "extended" : {
            "inclineEvents" : [
               {
                  "bezier" : 0,
                  "bezierPoints" : [ 0.0, 0.0, 0.0, 0.0 ],
                  "easingLeft" : 0.0,
                  "easingRight" : 1.0,
                  "easingType" : 5,
                  "end" : 0.0,
                  "endTime" : [ 1, 0, 1 ],
                  "linkgroup" : 0,
                  "start" : 0.0,
                  "startTime" : [ 0, 0, 1 ]
               }
            ]
         },
         "father" : -1,
         "isCover" : 1,
         "numOfNotes" : 0,
         "posControl" : [
            {
               "easing" : 1,
               "pos" : 1.0,
               "x" : 0.0
            },
            {
               "easing" : 1,
               "pos" : 1.0,
               "x" : 9999999.0
            }
         ],
         "sizeControl" : [
            {
               "easing" : 1,
               "size" : 1.0,
               "x" : 0.0
            },
            {
               "easing" : 1,
               "size" : 1.0,
               "x" : 9999999.0
            }
         ],
         "skewControl" : [
            {
               "easing" : 1,
               "skew" : 0.0,
               "x" : 0.0
            },
            {
               "easing" : 1,
               "skew" : 0.0,
               "x" : 9999999.0
            }
         ],
         "yControl" : [
            {
               "easing" : 1,
               "x" : 0.0,
               "y" : 1.0
            },
            {
               "easing" : 1,
               "x" : 9999999.0,
               "y" : 1.0
            }
         ],
         "zOrder" : 0
      },
      {
         "Group" : 0,
         "Name" : "Untitled",
         "Texture" : "line.png",
         "alphaControl" : [
            {
               "alpha" : 1.0,
               "easing" : 1,
               "x" : 0.0
            },
            {
               "alpha" : 1.0,
               "easing" : 1,
               "x" : 9999999.0
            }
         ],
         "bpmfactor" : 1.0,
         "eventLayers" : [
            {
               "alphaEvents" : [
                  {
                     "bezier" : 0,
                     "bezierPoints" : [ 0.0, 0.0, 0.0, 0.0 ],
                     "easingLeft" : 0.0,
                     "easingRight" : 1.0,
                     "easingType" : 1,
                     "end" : 0,
                     "endTime" : [ 1, 0, 1 ],
                     "linkgroup" : 0,
                     "start" : 0,
                     "startTime" : [ 0, 0, 1 ]
                  }
               ],
               "moveXEvents" : [
                  {
                     "bezier" : 0,
                     "bezierPoints" : [ 0.0, 0.0, 0.0, 0.0 ],
                     "easingLeft" : 0.0,
                     "easingRight" : 1.0,
                     "easingType" : 1,
                     "end" : 0.0,
                     "endTime" : [ 1, 0, 1 ],
                     "linkgroup" : 0,
                     "start" : 0.0,
                     "startTime" : [ 0, 0, 1 ]
                  }
               ],
               "moveYEvents" : [
                  {
                     "bezier" : 0,
                     "bezierPoints" : [ 0.0, 0.0, 0.0, 0.0 ],
                     "easingLeft" : 0.0,
                     "easingRight" : 1.0,
                     "easingType" : 1,
                     "end" : 0.0,
                     "endTime" : [ 1, 0, 1 ],
                     "linkgroup" : 0,
                     "start" : 0.0,
                     "startTime" : [ 0, 0, 1 ]
                  }
               ],
               "rotateEvents" : [
                  {
                     "bezier" : 0,
                     "bezierPoints" : [ 0.0, 0.0, 0.0, 0.0 ],
                     "easingLeft" : 0.0,
                     "easingRight" : 1.0,
                     "easingType" : 1,
                     "end" : 0.0,
                     "endTime" : [ 1, 0, 1 ],
                     "linkgroup" : 0,
                     "start" : 0.0,
                     "startTime" : [ 0, 0, 1 ]
                  }
               ],
               "speedEvents" : [
                  {
                     "end" : 10.0,
                     "endTime" : [ 1, 0, 1 ],
                     "linkgroup" : 0,
                     "start" : 10.0,
                     "startTime" : [ 0, 0, 1 ]
                  }
               ]
            }
         ],
         "extended" : {
            "inclineEvents" : [
               {
                  "bezier" : 0,
                  "bezierPoints" : [ 0.0, 0.0, 0.0, 0.0 ],
                  "easingLeft" : 0.0,
                  "easingRight" : 1.0,
                  "easingType" : 6,
                  "end" : 0.0,
                  "endTime" : [ 1, 0, 1 ],
                  "linkgroup" : 0,
                  "start" : 0.0,
                  "startTime" : [ 0, 0, 1 ]
               }
            ]
         },
         "father" : -1,
         "isCover" : 1,
         "numOfNotes" : 0,
         "posControl" : [
            {
               "easing" : 1,
               "pos" : 1.0,
               "x" : 0.0
            },
            {
               "easing" : 1,
               "pos" : 1.0,
               "x" : 9999999.0
            }
         ],
         "sizeControl" : [
            {
               "easing" : 1,
               "size" : 1.0,
               "x" : 0.0
            },
            {
               "easing" : 1,
               "size" : 1.0,
               "x" : 9999999.0
            }
         ],
         "skewControl" : [
            {
               "easing" : 1,
               "skew" : 0.0,
               "x" : 0.0
            },
            {
               "easing" : 1,
               "skew" : 0.0,
               "x" : 9999999.0
            }
         ],
         "yControl" : [
            {
               "easing" : 1,
               "x" : 0.0,
               "y" : 1.0
            },
            {
               "easing" : 1,
               "x" : 9999999.0,
               "y" : 1.0
            }
         ],
         "zOrder" : 0
      },
      {
         "Group" : 0,
         "Name" : "Untitled",
         "Texture" : "line.png",
         "alphaControl" : [
            {
               "alpha" : 1.0,
               "easing" : 1,
               "x" : 0.0
            },
            {
               "alpha" : 1.0,
               "easing" : 1,
               "x" : 9999999.0
            }
         ],
         "bpmfactor" : 1.0,
         "eventLayers" : [
            {
               "alphaEvents" : [
                  {
                     "bezier" : 0,
                     "bezierPoints" : [ 0.0, 0.0, 0.0, 0.0 ],
                     "easingLeft" : 0.0,
                     "easingRight" : 1.0,
                     "easingType" : 1,
                     "end" : 0,
                     "endTime" : [ 1, 0, 1 ],
                     "linkgroup" : 0,
                     "start" : 0,
                     "startTime" : [ 0, 0, 1 ]
                  }
               ],
               "moveXEvents" : [
                  {
                     "bezier" : 0,
                     "bezierPoints" : [ 0.0, 0.0, 0.0, 0.0 ],
                     "easingLeft" : 0.0,
                     "easingRight" : 1.0,
                     "easingType" : 1,
                     "end" : 0.0,
                     "endTime" : [ 1, 0, 1 ],
                     "linkgroup" : 0,
                     "start" : 0.0,
                     "startTime" : [ 0, 0, 1 ]
                  }
               ],
               "moveYEvents" : [
                  {
                     "bezier" : 0,
                     "bezierPoints" : [ 0.0, 0.0, 0.0, 0.0 ],
                     "easingLeft" : 0.0,
                     "easingRight" : 1.0,
                     "easingType" : 1,
                     "end" : 0.0,
                     "endTime" : [ 1, 0, 1 ],
                     "linkgroup" : 0,
                     "start" : 0.0,
                     "startTime" : [ 0, 0, 1 ]
                  }
               ],
               "rotateEvents" : [
                  {
                     "bezier" : 0,
                     "bezierPoints" : [ 0.0, 0.0, 0.0, 0.0 ],
                     "easingLeft" : 0.0,
                     "easingRight" : 1.0,
                     "easingType" : 1,
                     "end" : 179.81999999999999,
                     "endTime" : [ 14, 1, 32 ],
                     "linkgroup" : 0,
                     "start" : 179.81999999999999,
                     "startTime" : [ 14, 1, 32 ]
                  },
                  {
                     "bezier" : 0,
                     "bezierPoints" : [ 0.0, 0.0, 0.0, 0.0 ],
                     "easingLeft" : 0.0,
                     "easingRight" : 1.0,
                     "easingType" : 1,
                     "end" : 175.60546875,
                     "endTime" : [ 14, 5, 32 ],
                     "linkgroup" : 0,
                     "start" : 177.1875,
                     "startTime" : [ 14, 1, 8 ]
                  },
                  {
                     "bezier" : 0,
                     "bezierPoints" : [ 0.0, 0.0, 0.0, 0.0 ],
                     "easingLeft" : 0.0,
                     "easingRight" : 1.0,
                     "easingType" : 1,
                     "end" : 173.671875,
                     "endTime" : [ 14, 3, 16 ],
                     "linkgroup" : 0,
                     "start" : 175.60546875,
                     "startTime" : [ 14, 5, 32 ]
                  },
                  {
                     "bezier" : 0,
                     "bezierPoints" : [ 0.0, 0.0, 0.0, 0.0 ],
                     "easingLeft" : 0.0,
                     "easingRight" : 1.0,
                     "easingType" : 1,
                     "end" : 171.38671875,
                     "endTime" : [ 14, 7, 32 ],
                     "linkgroup" : 0,
                     "start" : 173.671875,
                     "startTime" : [ 14, 3, 16 ]
                  },
                  {
                     "bezier" : 0,
                     "bezierPoints" : [ 0.0, 0.0, 0.0, 0.0 ],
                     "easingLeft" : 0.0,
                     "easingRight" : 1.0,
                     "easingType" : 1,
                     "end" : 168.75,
                     "endTime" : [ 14, 1, 4 ],
                     "linkgroup" : 0,
                     "start" : 171.38671875,
                     "startTime" : [ 14, 7, 32 ]
                  },
                  {
                     "bezier" : 0,
                     "bezierPoints" : [ 0.0, 0.0, 0.0, 0.0 ],
                     "easingLeft" : 0.0,
                     "easingRight" : 1.0,
                     "easingType" : 1,
                     "end" : 165.76171875,
                     "endTime" : [ 14, 9, 32 ],
                     "linkgroup" : 0,
                     "start" : 168.75,
                     "startTime" : [ 14, 1, 4 ]
                  },
                  {
                     "bezier" : 0,
                     "bezierPoints" : [ 0.0, 0.0, 0.0, 0.0 ],
                     "easingLeft" : 0.0,
                     "easingRight" : 1.0,
                     "easingType" : 1,
                     "end" : 162.421875,
                     "endTime" : [ 14, 5, 16 ],
                     "linkgroup" : 0,
                     "start" : 165.76171875,
                     "startTime" : [ 14, 9, 32 ]
                  },
                  {
                     "bezier" : 0,
                     "bezierPoints" : [ 0.0, 0.0, 0.0, 0.0 ],
                     "easingLeft" : 0.0,
                     "easingRight" : 1.0,
                     "easingType" : 1,
                     "end" : 158.73046875,
                     "endTime" : [ 14, 11, 32 ],
                     "linkgroup" : 0,
                     "start" : 162.421875,
                     "startTime" : [ 14, 5, 16 ]
                  },
                  {
                     "bezier" : 0,
                     "bezierPoints" : [ 0.0, 0.0, 0.0, 0.0 ],
                     "easingLeft" : 0.0,
                     "easingRight" : 1.0,
                     "easingType" : 1,
                     "end" : 154.6875,
                     "endTime" : [ 14, 3, 8 ],
                     "linkgroup" : 0,
                     "start" : 158.73046875,
                     "startTime" : [ 14, 11, 32 ]
                  },
                  {
                     "bezier" : 0,
                     "bezierPoints" : [ 0.0, 0.0, 0.0, 0.0 ],
                     "easingLeft" : 0.0,
                     "easingRight" : 1.0,
                     "easingType" : 1,
                     "end" : 150.29296875,
                     "endTime" : [ 14, 13, 32 ],
                     "linkgroup" : 0,
                     "start" : 154.6875,
                     "startTime" : [ 14, 3, 8 ]
                  },
                  {
                     "bezier" : 0,
                     "bezierPoints" : [ 0.0, 0.0, 0.0, 0.0 ],
                     "easingLeft" : 0.0,
                     "easingRight" : 1.0,
                     "easingType" : 1,
                     "end" : 145.546875,
                     "endTime" : [ 14, 7, 16 ],
                     "linkgroup" : 0,
                     "start" : 150.29296875,
                     "startTime" : [ 14, 13, 32 ]
                  },
                  {
                     "bezier" : 0,
                     "bezierPoints" : [ 0.0, 0.0, 0.0, 0.0 ],
                     "easingLeft" : 0.0,
                     "easingRight" : 1.0,
                     "easingType" : 1,
                     "end" : 140.44921875,
                     "endTime" : [ 14, 15, 32 ],
                     "linkgroup" : 0,
                     "start" : 145.546875,
                     "startTime" : [ 14, 7, 16 ]
                  },
                  {
                     "bezier" : 0,
                     "bezierPoints" : [ 0.0, 0.0, 0.0, 0.0 ],
                     "easingLeft" : 0.0,
                     "easingRight" : 1.0,
                     "easingType" : 1,
                     "end" : 135.0,
                     "endTime" : [ 14, 1, 2 ],
                     "linkgroup" : 0,
                     "start" : 140.44921875,
                     "startTime" : [ 14, 15, 32 ]
                  },
                  {
                     "bezier" : 0,
                     "bezierPoints" : [ 0.0, 0.0, 0.0, 0.0 ],
                     "easingLeft" : 0.0,
                     "easingRight" : 1.0,
                     "easingType" : 1,
                     "end" : 129.19921875,
                     "endTime" : [ 14, 17, 32 ],
                     "linkgroup" : 0,
                     "start" : 135.0,
                     "startTime" : [ 14, 1, 2 ]
                  },
                  {
                     "bezier" : 0,
                     "bezierPoints" : [ 0.0, 0.0, 0.0, 0.0 ],
                     "easingLeft" : 0.0,
                     "easingRight" : 1.0,
                     "easingType" : 1,
                     "end" : 123.046875,
                     "endTime" : [ 14, 9, 16 ],
                     "linkgroup" : 0,
                     "start" : 129.19921875,
                     "startTime" : [ 14, 17, 32 ]
                  },
                  {
                     "bezier" : 0,
                     "bezierPoints" : [ 0.0, 0.0, 0.0, 0.0 ],
                     "easingLeft" : 0.0,
                     "easingRight" : 1.0,
                     "easingType" : 1,
                     "end" : 116.54296875,
                     "endTime" : [ 14, 19, 32 ],
                     "linkgroup" : 0,
                     "start" : 123.046875,
                     "startTime" : [ 14, 9, 16 ]
                  },
                  {
                     "bezier" : 0,
                     "bezierPoints" : [ 0.0, 0.0, 0.0, 0.0 ],
                     "easingLeft" : 0.0,
                     "easingRight" : 1.0,
                     "easingType" : 1,
                     "end" : 109.6875,
                     "endTime" : [ 14, 5, 8 ],
                     "linkgroup" : 0,
                     "start" : 116.54296875,
                     "startTime" : [ 14, 19, 32 ]
                  },
                  {
                     "bezier" : 0,
                     "bezierPoints" : [ 0.0, 0.0, 0.0, 0.0 ],
                     "easingLeft" : 0.0,
                     "easingRight" : 1.0,
                     "easingType" : 1,
                     "end" : 102.48046875,
                     "endTime" : [ 14, 21, 32 ],
                     "linkgroup" : 0,
                     "start" : 109.6875,
                     "startTime" : [ 14, 5, 8 ]
                  },
                  {
                     "bezier" : 0,
                     "bezierPoints" : [ 0.0, 0.0, 0.0, 0.0 ],
                     "easingLeft" : 0.0,
                     "easingRight" : 1.0,
                     "easingType" : 1,
                     "end" : 94.921875,
                     "endTime" : [ 14, 11, 16 ],
                     "linkgroup" : 0,
                     "start" : 102.48046875,
                     "startTime" : [ 14, 21, 32 ]
                  },
                  {
                     "bezier" : 0,
                     "bezierPoints" : [ 0.0, 0.0, 0.0, 0.0 ],
                     "easingLeft" : 0.0,
                     "easingRight" : 1.0,
                     "easingType" : 1,
                     "end" : 87.01171875,
                     "endTime" : [ 14, 23, 32 ],
                     "linkgroup" : 0,
                     "start" : 94.921875,
                     "startTime" : [ 14, 11, 16 ]
                  },
                  {
                     "bezier" : 0,
                     "bezierPoints" : [ 0.0, 0.0, 0.0, 0.0 ],
                     "easingLeft" : 0.0,
                     "easingRight" : 1.0,
                     "easingType" : 1,
                     "end" : 78.75,
                     "endTime" : [ 14, 3, 4 ],
                     "linkgroup" : 0,
                     "start" : 87.01171875,
                     "startTime" : [ 14, 23, 32 ]
                  },
                  {
                     "bezier" : 0,
                     "bezierPoints" : [ 0.0, 0.0, 0.0, 0.0 ],
                     "easingLeft" : 0.0,
                     "easingRight" : 1.0,
                     "easingType" : 1,
                     "end" : 70.13671875,
                     "endTime" : [ 14, 25, 32 ],
                     "linkgroup" : 0,
                     "start" : 78.75,
                     "startTime" : [ 14, 3, 4 ]
                  },
                  {
                     "bezier" : 0,
                     "bezierPoints" : [ 0.0, 0.0, 0.0, 0.0 ],
                     "easingLeft" : 0.0,
                     "easingRight" : 1.0,
                     "easingType" : 1,
                     "end" : 61.171875,
                     "endTime" : [ 14, 13, 16 ],
                     "linkgroup" : 0,
                     "start" : 70.13671875,
                     "startTime" : [ 14, 25, 32 ]
                  },
                  {
                     "bezier" : 0,
                     "bezierPoints" : [ 0.0, 0.0, 0.0, 0.0 ],
                     "easingLeft" : 0.0,
                     "easingRight" : 1.0,
                     "easingType" : 1,
                     "end" : 51.85546875,
                     "endTime" : [ 14, 27, 32 ],
                     "linkgroup" : 0,
                     "start" : 61.171875,
                     "startTime" : [ 14, 13, 16 ]
                  },
                  {
                     "bezier" : 0,
                     "bezierPoints" : [ 0.0, 0.0, 0.0, 0.0 ],
                     "easingLeft" : 0.0,
                     "easingRight" : 1.0,
                     "easingType" : 1,
                     "end" : 42.1875,
                     "endTime" : [ 14, 7, 8 ],
                     "linkgroup" : 0,
                     "start" : 51.85546875,
                     "startTime" : [ 14, 27, 32 ]
                  },
                  {
                     "bezier" : 0,
                     "bezierPoints" : [ 0.0, 0.0, 0.0, 0.0 ],
                     "easingLeft" : 0.0,
                     "easingRight" : 1.0,
                     "easingType" : 1,
                     "end" : 32.16796875,
                     "endTime" : [ 14, 29, 32 ],
                     "linkgroup" : 0,
                     "start" : 42.1875,
                     "startTime" : [ 14, 7, 8 ]
                  },
                  {
                     "bezier" : 0,
                     "bezierPoints" : [ 0.0, 0.0, 0.0, 0.0 ],
                     "easingLeft" : 0.0,
                     "easingRight" : 1.0,
                     "easingType" : 1,
                     "end" : 21.796875,
                     "endTime" : [ 14, 15, 16 ],
                     "linkgroup" : 0,
                     "start" : 32.16796875,
                     "startTime" : [ 14, 29, 32 ]
                  },
                  {
                     "bezier" : 0,
                     "bezierPoints" : [ 0.0, 0.0, 0.0, 0.0 ],
                     "easingLeft" : 0.0,
                     "easingRight" : 1.0,
                     "easingType" : 1,
                     "end" : 11.07421875,
                     "endTime" : [ 14, 31, 32 ],
                     "linkgroup" : 0,
                     "start" : 21.796875,
                     "startTime" : [ 14, 15, 16 ]
                  },
                  {
                     "bezier" : 0,
                     "bezierPoints" : [ 0.0, 0.0, 0.0, 0.0 ],
                     "easingLeft" : 0.0,
                     "easingRight" : 1.0,
                     "easingType" : 1,
                     "end" : 0.0,
                     "endTime" : [ 15, 0, 1 ],
                     "linkgroup" : 0,
                     "start" : 11.07421875,
                     "startTime" : [ 14, 31, 32 ]
                  }
               ],
               "speedEvents" : [
                  {
                     "end" : 10.0,
                     "endTime" : [ 1, 0, 1 ],
                     "linkgroup" : 0,
                     "start" : 10.0,
                     "startTime" : [ 0, 0, 1 ]
                  }
               ]
            }
         ],
         "extended" : {
            "inclineEvents" : [
               {
                  "bezier" : 0,
                  "bezierPoints" : [ 0.0, 0.0, 0.0, 0.0 ],
                  "easingLeft" : 0.0,
                  "easingRight" : 1.0,
                  "easingType" : 7,
                  "end" : 0.0,
                  "endTime" : [ 1, 0, 1 ],
                  "linkgroup" : 0,
                  "start" : 0.0,
                  "startTime" : [ 0, 0, 1 ]
               }
            ]
         },
         "father" : -1,
         "isCover" : 1,
         "numOfNotes" : 0,
         "posControl" : [
            {
               "easing" : 1,
               "pos" : 1.0,
               "x" : 0.0
            },
            {
               "easing" : 1,
               "pos" : 1.0,
               "x" : 9999999.0
            }
         ],
         "sizeControl" : [
            {
               "easing" : 1,
               "size" : 1.0,
               "x" : 0.0
            },
            {
               "easing" : 1,
               "size" : 1.0,
               "x" : 9999999.0
            }
         ],
         "skewControl" : [
            {
               "easing" : 1,
               "skew" : 0.0,
               "x" : 0.0
            },
            {
               "easing" : 1,
               "skew" : 0.0,
               "x" : 9999999.0
            }
         ],
         "yControl" : [
            {
               "easing" : 1,
               "x" : 0.0,
               "y" : 1.0
            },
            {
               "easing" : 1,
               "x" : 9999999.0,
               "y" : 1.0
            }
         ],
         "zOrder" : 0
      }
   ],
   "multiLineString" : "",
   "multiScale" : 1.0
}
